Workbook

Sheet Konfiguracja
A1: KONFIGURACJA — LISTA STAD I DOSTAWCÓW
A2: Nr | B2: Nazwa stada | C2: Linia genetyczna | D2: Data wstawienia | E2: Kury wstawione | G2: LISTA WYBORU (auto)
A3: 1 | B3: ='Dzienne 1'!C1 -> Ferma za Lakiem K1 | C3: ='Dzienne 1'!C2 -> Ross 308 | D3: ='Dzienne 1'!C3 -> 45870 | E3: ='Dzienne 1'!C4 -> 10352 | G3: =Konfiguracja!B3 -> Ferma za Lakiem K1
A4: 2 | B4: ='Dzienne 2'!C1 -> Ferma za Lakiem K2 | C4: ='Dzienne 2'!C2 -> Ross 308 | D4: ='Dzienne 2'!C3 -> 45870 | E4: ='Dzienne 2'!C4 -> 10352 | G4: =Konfiguracja!B4 -> Ferma za Lakiem K2
A5: 3 | B5: ='Dzienne 3'!C1 -> Ferma za Lakiem K3 | C5: ='Dzienne 3'!C2 -> Ross 308 | D5: ='Dzienne 3'!C3 -> 45870 | E5: ='Dzienne 3'!C4 -> 10352 | G5: =Konfiguracja!B5 -> Ferma za Lakiem K3
A6: 4 | B6: ='Dzienne 4'!C1 -> Ferma za Lakiem K4 | C6: ='Dzienne 4'!C2 -> Ross 308 | D6: ='Dzienne 4'!C3 -> 45870 | E6: ='Dzienne 4'!C4 -> 10364 | G6: =Konfiguracja!B6 -> Ferma za Lakiem K4
A7: 5 | B7: ='Dzienne 5'!C1 -> W1 | C7: ='Dzienne 5'!C2 -> Ross 308 | D7: ='Dzienne 5'!C3 -> 46070 | E7: ='Dzienne 5'!C4 -> 10964 | G7: =Konfiguracja!B7 -> W1
A8: 6 | B8: ='Dzienne 6'!C1 -> W2 | C8: ='Dzienne 6'!C2 -> Ross308 | D8: ='Dzienne 6'!C3 -> 22.06. | E8: ='Dzienne 6'!C4 -> 10996 | G8: =Konfiguracja!B8 -> W2
A9: 7 | B9: ='Dzienne 7'!C1 -> w3 | C9: ='Dzienne 7'!C2 -> Ross 308 | D9: ='Dzienne 7'!C3 -> 46070 | E9: ='Dzienne 7'!C4 -> 10019 | G9: =Konfiguracja!B9 -> w3
A10: 8 | B10: ='Dzienne 8'!C1 -> W4 | C10: ='Dzienne 8'!C2 -> Ross 308 | D10: ='Dzienne 8'!C3 -> 46070 | E10: ='Dzienne 8'!C4 -> 10996 | G10: =Konfiguracja!B10 -> W4
A11: 9 | B11: ='Dzienne 9'!C1 -> 0 | C11: ='Dzienne 9'!C2 -> 0 | D11: ='Dzienne 9'!C3 -> 0 | E11: ='Dzienne 9'!C4 -> 0 | G11: =Konfiguracja!B11 -> 0
A12: 10 | B12: ='Dzienne 10'!C1 -> 0 | C12: ='Dzienne 10'!C2 -> 0 | D12: ='Dzienne 10'!C3 -> 0 | E12: ='Dzienne 10'!C4 -> 0 | G12: =Konfiguracja!B12 -> 0
A13: 11 | B13: ='Dzienne 11'!C1 -> 0 | C13: ='Dzienne 11'!C2 -> 0 | D13: ='Dzienne 11'!C3 -> 0 | E13: ='Dzienne 11'!C4 -> 0 | G13: =Konfiguracja!B13 -> 0
A14: 12 | B14: ='Dzienne 12'!C1 -> 0 | C14: ='Dzienne 12'!C2 -> 0 | D14: ='Dzienne 12'!C3 -> 0 | E14: ='Dzienne 12'!C4 -> 0 | G14: =Konfiguracja!B14 -> 0
G15: =Konfiguracja!B18 -> Kujawski Wiktor 12.03.2025 stare
A16: DOSTAWCY ZEWNĘTRZNI | G16: =Konfiguracja!B19 -> Kujawski Wiktor 24.07.2025 śred
A17: Nr | B17: Nazwa dostawcy | G17: =Konfiguracja!B20 -> Kujawski Wiktor 04.12.2025 młode
A18: 1 | B18: Kujawski Wiktor 12.03.2025 stare | G18: =Konfiguracja!B21 -> Merchel
A19: 2 | B19: Kujawski Wiktor 24.07.2025 śred | G19: =Konfiguracja!B22 -> Ferma za Laskiem ściółka
A20: 3 | B20: Kujawski Wiktor 04.12.2025 młode | G20: =Konfiguracja!B23 -> Urbaś Cobb+
A21: 4 | B21: Merchel | G21: =Konfiguracja!B24 -> 0
A22: 5 | B22: Ferma za Laskiem ściółka | G22: =Konfiguracja!B25 -> 0
A23: 6 | B23: Urbaś Cobb+ | G23: =Konfiguracja!B26 -> 0
A24: 7 | G24: =Konfiguracja!B27 -> 0
A25: 8 | G25: =Konfiguracja!B28 -> 0
A26: 9 | G26: =Konfiguracja!B29 -> 0
A27: 10 | G27: =Konfiguracja!B30 -> 0
A28: 11 | G28: =Konfiguracja!B31 -> 0
A29: 12 | G29: =Konfiguracja!B32 -> 0
A30: 13 | G30: =Konfiguracja!B33 -> 0
A31: 14 | G31: =Konfiguracja!B34 -> 0
A32: 15 | G32: =Konfiguracja!B35 -> 0
A33: 16 | G33: =Konfiguracja!B36 -> 0
A34: 17 | G34: =Konfiguracja!B37 -> 0
A35: 18 | G35: =Konfiguracja!B38 -> 0
... A54: 37 | G54: =Konfiguracja!B57 -> 0
A55: 38
A56: 39
A57: 40
A59: Stada (12) = liczba kurników. Dostawcy zewn.: 40 miejsc (6 stałych + dorywczy). Lista wyboru pobiera stada + dostawców automatycznie.

Sheet Dzienne 1
A1: Nazwa stada: | C1: Ferma za Lakiem K1
A2: Linia genetyczna: | C2: Ross 308
A3: Data wstawienia: | C3: 45870
A4: Kury wstawione: | C4: 10352 | E4: Koguty wstawione: | G4: 1102 | H4: Wiek wstaw. (tyg): | I4: 0
A6: Data | B6: Tyg.życia | C6: Kury żywe | D6: Koguty żywe | E6: Upadki kury | F6: Upadki koguty | G6: Upadki %kum. | H6: Jaja ogółem | I6: Jaja wylęg. | J6: % jaj wylęg. | K6: % nieśności | L6: Waga jaja(g) | M6: Pasza kury(kg) | N6: Pasza kog.(kg) | O6: Dawka kura(g) | P6: Dawka kog.(g) | Q6: Woda(l) | R6: Woda:Pasza | S6: Temp.kurnik°C | T6: Temp.magaz.jaj°C | U6: Waga kury(g) | V6: Waga kog.(g) | W6: Suplement./Leczenie | X6: Notatki wet.
A7: 46178 | B7: =IF(A7="","",IFERROR(INT((A7-C3)/7)+I4,"")) -> 44 | C7: 9764 | D7: 766 | F7: 2 | G7: =IF(A7="","",IFERROR(SUM(E$7:E7)/C4*100,"")) -> 0 | H7: 6640 | I7: 6481 | J7: =IF(OR(A7="",H7="",H7=0),"",I7/H7*100) -> 97.605422 | K7: =IF(OR(A7="",C7="",C7=0),"",H7/C7*100) -> 68.004916 | L7: 65.7 | M7: 1689 | N7: 86 | O7: =IF(OR(A7="",C7="",C7=0),"",M7/C7*1000) -> 172.98238 | P7: =IF(OR(A7="",D7="",D7=0),"",N7/D7*1000) -> 112.27154 | Q7: 3453 | R7: =IF(OR(A7="",M7="",M7+N7=0),"",Q7/(M7+N7)) -> 1.9453521
A8: 46179 | B8: =IF(A8="","",IFERROR(INT((A8-C3)/7)+I4,"")) -> 44 | C8: 9760 | D8: 763 | E8: 4 | F8: 3 | G8: =IF(A8="","",IFERROR(SUM(E$7:E8)/C4*100,"")) -> 0.038639876 | H8: 6838 | I8: 6698 | J8: =IF(OR(A8="",H8="",H8=0),"",I8/H8*100) -> 97.952618 | K8: =IF(OR(A8="",C8="",C8=0),"",H8/C8*100) -> 70.061475 | L8: 65.6 | M8: 1689 | N8: 86 | O8: =IF(OR(A8="",C8="",C8=0),"",M8/C8*1000) -> 173.05328 | P8: =IF(OR(A8="",D8="",D8=0),"",N8/D8*1000) -> 112.71298 | Q8: 3367 | R8: =IF(OR(A8="",M8="",M8+N8=0),"",Q8/(M8+N8)) -> 1.8969014
A9: 46180 | B9: =IF(A9="","",IFERROR(INT((A9-C3)/7)+I4,"")) -> 44 | C9: 9758 | D9: 763 | E9: 2 | G9: =IF(A9="","",IFERROR(SUM(E$7:E9)/C4*100,"")) -> 0.057959815 | H9: 6783 | I9: 6625 | J9: =IF(OR(A9="",H9="",H9=0),"",I9/H9*100) -> 97.670647 | K9: =IF(OR(A9="",C9="",C9=0),"",H9/C9*100) -> 69.512195 | L9: 65.5 | M9: 1688 | N9: 86 | O9: =IF(OR(A9="",C9="",C9=0),"",M9/C9*1000) -> 172.98627 | P9: =IF(OR(A9="",D9="",D9=0),"",N9/D9*1000) -> 112.71298 | Q9: 3370 | R9: =IF(OR(A9="",M9="",M9+N9=0),"",Q9/(M9+N9)) -> 1.8996618
A10: 46181 | B10: =IF(A10="","",IFERROR(INT((A10-C3)/7)+I4,"")) -> 44 | C10: 9753 | D10: 761 | E10: 5 | F10: 2 | G10: =IF(A10="","",IFERROR(SUM(E$7:E10)/C4*100,"")) -> 0.10625966 | H10: 6843 | I10: 6664 | J10: =IF(OR(A10="",H10="",H10=0),"",I10/H10*100) -> 97.384188 | K10: =IF(OR(A10="",C10="",C10=0),"",H10/C10*100) -> 70.163027 | L10: 65.5 | M10: 1687 | N10: 86 | O10: =IF(OR(A10="",C10="",C10=0),"",M10/C10*1000) -> 172.97242 | P10: =IF(OR(A10="",D10="",D10=0),"",N10/D10*1000) -> 113.0092 | Q10: 3264 | R10: =IF(OR(A10="",M10="",M10+N10=0),"",Q10/(M10+N10)) -> 1.8409475
A11: 46182 | B11: =IF(A11="","",IFERROR(INT((A11-C3)/7)+I4,"")) -> 44 | C11: 9750 | D11: 760 | E11: 3 | F11: 1 | G11: =IF(A11="","",IFERROR(SUM(E$7:E11)/C4*100,"")) -> 0.13523957 | H11: 6726 | I11: 6513 | J11: =IF(OR(A11="",H11="",H11=0),"",I11/H11*100) -> 96.833185 | K11: =IF(OR(A11="",C11="",C11=0),"",H11/C11*100) -> 68.984615 | L11: 65.5 | M11: 1687 | N11: 86 | O11: =IF(OR(A11="",C11="",C11=0),"",M11/C11*1000) -> 173.02564 | P11: =IF(OR(A11="",D11="",D11=0),"",N11/D11*1000) -> 113.15789 | Q11: 3409 | R11: =IF(OR(A11="",M11="",M11+N11=0),"",Q11/(M11+N11)) -> 1.9227298
A12: 46183 | B12: =IF(A12="","",IFERROR(INT((A12-C3)/7)+I4,"")) -> 44 | C12: 9747 | D12: 734 | E12: 3 | F12: 26 | G12: =IF(A12="","",IFERROR(SUM(E$7:E12)/C4*100,"")) -> 0.16421947 | H12: 6863 | I12: 6686 | J12: =IF(OR(A12="",H12="",H12=0),"",I12/H12*100) -> 97.420953 | K12: =IF(OR(A12="",C12="",C12=0),"",H12/C12*100) -> 70.411409 | L12: 65.5 | M12: 1687 | N12: 86 | O12: =IF(OR(A12="",C12="",C12=0),"",M12/C12*1000) -> 173.0789 | P12: =IF(OR(A12="",D12="",D12=0),"",N12/D12*1000) -> 117.16621 | Q12: 3340 | R12: =IF(OR(A12="",M12="",M12+N12=0),"",Q12/(M12+N12)) -> 1.8838127 | W12: AviD3 1l + Avimin 1l+ Avihepasilimerin 2l (W CIĄGŁYM PIVIU DAWKA NA 1000LITRÓW WODY)
A13: 46184 | B13: =IF(A13="","",IFERROR(INT((A13-C3)/7)+I4,"")) -> 44 | C13: 9746 | D13: 733 | E13: 1 | F13: 1 | G13: =IF(A13="","",IFERROR(SUM(E$7:E13)/C4*100,"")) -> 0.17387944 | H13: 6803 | I13: 6670 | J13: =IF(OR(A13="",H13="",H13=0),"",I13/H13*100) -> 98.04498 | K13: =IF(OR(A13="",C13="",C13=0),"",H13/C13*100) -> 69.802996 | L13: 65.5 | M13: 1687 | N13: 86 | O13: =IF(OR(A13="",C13="",C13=0),"",M13/C13*1000) -> 173.09666 | P13: =IF(OR(A13="",D13="",D13=0),"",N13/D13*1000) -> 117.32606 | Q13: 3155 | R13: =IF(OR(A13="",M13="",M13+N13=0),"",Q13/(M13+N13)) -> 1.7794698 | U13: 3889 | V13: 4572 | W13: AviD3 1l + Avimin 1l+ Avihepasilimerin 2l (W CIĄGŁYM PIVIU DAWKA NA 1000LITRÓW WODY)
A14: 46185 | B14: =IF(A14="","",IFERROR(INT((A14-C3)/7)+I4,"")) -> 45 | C14: 9744 | D14: 733 | E14: 2 | G14: =IF(A14="","",IFERROR(SUM(E$7:E14)/C4*100,"")) -> 0.19319938 | H14: 6595 | I14: 6454 | J14: =IF(OR(A14="",H14="",H14=0),"",I14/H14*100) -> 97.862017 | K14: =IF(OR(A14="",C14="",C14=0),"",H14/C14*100) -> 67.682677 | L14: 65.7 | M14: 1686 | N14: 82 | O14: =IF(OR(A14="",C14="",C14=0),"",M14/C14*1000) -> 173.02956 | P14: =IF(OR(A14="",D14="",D14=0),"",N14/D14*1000) -> 111.86903 | Q14: 3331 | R14: =IF(OR(A14="",M14="",M14+N14=0),"",Q14/(M14+N14)) -> 1.8840498 | W14: AviD3 1l + Avimin 1l+ Avihepasilimerin 2l (W CIĄGŁYM PIVIU DAWKA NA 1000LITRÓW WODY)
A15: 46186 | B15: =IF(A15="","",IFERROR(INT((A15-C3)/7)+I4,"")) -> 45 | C15: 9743 | D15: 731 | E15: 1 | F15: 2 | G15: =IF(A15="","",IFERROR(SUM(E$7:E15)/C4*100,"")) -> 0.20285935 | H15: 6527 | I15: 6376 | J15: =IF(OR(A15="",H15="",H15=0),"",I15/H15*100) -> 97.686533 | K15: =IF(OR(A15="",C15="",C15=0),"",H15/C15*100) -> 66.991686 | L15: 65.8 | M15: 1686 | N15: 82 | O15: =IF(OR(A15="",C15="",C15=0),"",M15/C15*1000) -> 173.04732 | P15: =IF(OR(A15="",D15="",D15=0),"",N15/D15*1000) -> 112.1751 | Q15: 3330 | R15: =IF(OR(A15="",M15="",M15+N15=0),"",Q15/(M15+N15)) -> 1.8834842 | W15: AviD3 1l + Avimin 1l+ Avihepasilimerin 2l (W CIĄGŁYM PIVIU DAWKA NA 1000LITRÓW WODY)
A16: 46187 | B16: =IF(A16="","",IFERROR(INT((A16-C3)/7)+I4,"")) -> 45 | C16: 9742 | D16: 731 | E16: 1 | G16: =IF(A16="","",IFERROR(SUM(E$7:E16)/C4*100,"")) -> 0.21251932 | H16: 6687 | I16: 6508 | J16: =IF(OR(A16="",H16="",H16=0),"",I16/H16*100) -> 97.323164 | K16: =IF(OR(A16="",C16="",C16=0),"",H16/C16*100) -> 68.640936 | L16: 66 | M16: 1686 | N16: 82 | O16: =IF(OR(A16="",C16="",C16=0),"",M16/C16*1000) -> 173.06508 | P16: =IF(OR(A16="",D16="",D16=0),"",N16/D16*1000) -> 112.1751 | Q16: 3148 | R16: =IF(OR(A16="",M16="",M16+N16=0),"",Q16/(M16+N16)) -> 1.780543 | W16: AviD3 1l + Avimin 1l+ Avihepasilimerin 2l (W CIĄGŁYM PIVIU DAWKA NA 1000LITRÓW WODY)
A17: 46188 | B17: =IF(A17="","",IFERROR(INT((A17-C3)/7)+I4,"")) -> 45 | C17: 9736 | D17: 727 | E17: 6 | F17: 4 | G17: =IF(A17="","",IFERROR(SUM(E$7:E17)/C4*100,"")) -> 0.27047913 | H17: 6728 | I17: 6572 | J17: =IF(OR(A17="",H17="",H17=0),"",I17/H17*100) -> 97.681332 | K17: =IF(OR(A17="",C17="",C17=0),"",H17/C17*100) -> 69.104355 | L17: 65.8 | M17: 1686 | N17: 82 | O17: =IF(OR(A17="",C17="",C17=0),"",M17/C17*1000) -> 173.17173 | P17: =IF(OR(A17="",D17="",D17=0),"",N17/D17*1000) -> 112.7923 | Q17: 3244 | R17: =IF(OR(A17="",M17="",M17+N17=0),"",Q17/(M17+N17)) -> 1.8348416
A18: 46189 | B18: =IF(A18="","",IFERROR(INT((A18-C3)/7)+I4,"")) -> 45 | C18: 9731 | D18: 727 | E18: 5 | G18: =IF(A18="","",IFERROR(SUM(E$7:E18)/C4*100,"")) -> 0.31877898 | H18: 6689 | I18: 6546 | J18: =IF(OR(A18="",H18="",H18=0),"",I18/H18*100) -> 97.862162 | K18: =IF(OR(A18="",C18="",C18=0),"",H18/C18*100) -> 68.739081 | L18: 65.8 | M18: 1684 | N18: 82 | O18: =IF(OR(A18="",C18="",C18=0),"",M18/C18*1000) -> 173.05518 | P18: =IF(OR(A18="",D18="",D18=0),"",N18/D18*1000) -> 112.7923 | Q18: 3273 | R18: =IF(OR(A18="",M18="",M18+N18=0),"",Q18/(M18+N18)) -> 1.8533409
A19: 46190 | B19: =IF(A19="","",IFERROR(INT((A19-C3)/7)+I4,"")) -> 45 | C19: 9731 | D19: 726 | F19: 1 | G19: =IF(A19="","",IFERROR(SUM(E$7:E19)/C4*100,"")) -> 0.31877898 | H19: 6700 | I19: 6559 | J19: =IF(OR(A19="",H19="",H19=0),"",I19/H19*100) -> 97.895522 | K19: =IF(OR(A19="",C19="",C19=0),"",H19/C19*100) -> 68.852122 | L19: 65.7 | M19: 1684 | N19: 82 | O19: =IF(OR(A19="",C19="",C19=0),"",M19/C19*1000) -> 173.05518 | P19: =IF(OR(A19="",D19="",D19=0),"",N19/D19*1000) -> 112.94766 | Q19: 3443 | R19: =IF(OR(A19="",M19="",M19+N19=0),"",Q19/(M19+N19)) -> 1.9496036
A20: 46191 | B20: =IF(A20="","",IFERROR(INT((A20-C3)/7)+I4,"")) -> 45 | C20: 9727 | D20: 725 | E20: 4 | F20: 1 | G20: =IF(A20="","",IFERROR(SUM(E$7:E20)/C4*100,"")) -> 0.35741886 | H20: 6597 | I20: 6467 | J20: =IF(OR(A20="",H20="",H20=0),"",I20/H20*100) -> 98.029407 | K20: =IF(OR(A20="",C20="",C20=0),"",H20/C20*100) -> 67.821528 | L20: 65.9 | M20: 1684 | N20: 82 | O20: =IF(OR(A20="",C20="",C20=0),"",M20/C20*1000) -> 173.12635 | P20: =IF(OR(A20="",D20="",D20=0),"",N20/D20*1000) -> 113.10345 | Q20: 3413 | R20: =IF(OR(A20="",M20="",M20+N20=0),"",Q20/(M20+N20)) -> 1.9326161 | U20: 3986 | V20: 4614
A21: 46192 | B21: =IF(A21="","",IFERROR(INT((A21-C3)/7)+I4,"")) -> 46 | C21: 9725 | D21: 725 | E21: 2 | G21: =IF(A21="","",IFERROR(SUM(E$7:E21)/C4*100,"")) -> 0.37673879 | H21: 6740 | I21: 6576 | J21: =IF(OR(A21="",H21="",H21=0),"",I21/H21*100) -> 97.566766 | K21: =IF(OR(A21="",C21="",C21=0),"",H21/C21*100) -> 69.305913 | L21: 65.9 | M21: 1664 | N21: 82 | O21: =IF(OR(A21="",C21="",C21=0),"",M21/C21*1000) -> 171.1054 | P21: =IF(OR(A21="",D21="",D21=0),"",N21/D21*1000) -> 113.10345 | Q21: 3521 | R21: =IF(OR(A21="",M21="",M21+N21=0),"",Q21/(M21+N21)) -> 2.0166094
A22: 46193 | B22: =IF(A22="","",IFERROR(INT((A22-C3)/7)+I4,"")) -> 46 | C22: 9724 | D22: 724 | E22: 1 | F22: 1 | G22: =IF(A22="","",IFERROR(SUM(E$7:E22)/C4*100,"")) -> 0.38639876 | H22: 6645 | I22: 6488 | J22: =IF(OR(A22="",H22="",H22=0),"",I22/H22*100) -> 97.637321 | K22: =IF(OR(A22="",C22="",C22=0),"",H22/C22*100) -> 68.336076 | L22: 65.8 | M22: 1664 | N22: 82 | O22: =IF(OR(A22="",C22="",C22=0),"",M22/C22*1000) -> 171.12299 | P22: =IF(OR(A22="",D22="",D22=0),"",N22/D22*1000) -> 113.25967 | Q22: 3506 | R22: =IF(OR(A22="",M22="",M22+N22=0),"",Q22/(M22+N22)) -> 2.0080183
A23: 46194 | B23: =IF(A23="","",IFERROR(INT((A23-C3)/7)+I4,"")) -> 46 | C23: 9717 | D23: 722 | E23: 7 | F23: 2 | G23: =IF(A23="","",IFERROR(SUM(E$7:E23)/C4*100,"")) -> 0.45401855 | H23: 6636 | I23: 6460 | J23: =IF(OR(A23="",H23="",H23=0),"",I23/H23*100) -> 97.3478 | K23: =IF(OR(A23="",C23="",C23=0),"",H23/C23*100) -> 68.292683 | L23: 65.7 | M23: 1664 | N23: 82 | O23: =IF(OR(A23="",C23="",C23=0),"",M23/C23*1000) -> 171.24627 | P23: =IF(OR(A23="",D23="",D23=0),"",N23/D23*1000) -> 113.57341 | Q23: 3312 | R23: =IF(OR(A23="",M23="",M23+N23=0),"",Q23/(M23+N23)) -> 1.8969072
A24: 46195 | B24: =IF(A24="","",IFERROR(INT((A24-C3)/7)+I4,"")) -> 46 | C24: 9712 | D24: 721 | E24: 5 | F24: 1 | G24: =IF(A24="","",IFERROR(SUM(E$7:E24)/C4*100,"")) -> 0.50231839 | H24: 6697 | I24: 6527 | J24: =IF(OR(A24="",H24="",H24=0),"",I24/H24*100) -> 97.46155 | K24: =IF(OR(A24="",C24="",C24=0),"",H24/C24*100) -> 68.955931 | L24: 65.8 | M24: 1664 | N24: 82 | O24: =IF(OR(A24="",C24="",C24=0),"",M24/C24*1000) -> 171.33443 | P24: =IF(OR(A24="",D24="",D24=0),"",N24/D24*1000) -> 113.73093 | Q24: 3470 | R24: =IF(OR(A24="",M24="",M24+N24=0),"",Q24/(M24+N24)) -> 1.9873998
A25: 46196 | B25: =IF(A25="","",IFERROR(INT((A25-C3)/7)+I4,"")) -> 46 | C25: 9711 | D25: 719 | E25: 1 | F25: 2 | G25: =IF(A25="","",IFERROR(SUM(E$7:E25)/C4*100,"")) -> 0.51197836 | H25: 5556 | I25: 5419 | J25: =IF(OR(A25="",H25="",H25=0),"",I25/H25*100) -> 97.534197 | K25: =IF(OR(A25="",C25="",C25=0),"",H25/C25*100) -> 57.213469 | L25: 66 | M25: 1664 | N25: 82 | O25: =IF(OR(A25="",C25="",C25=0),"",M25/C25*1000) -> 171.35207 | P25: =IF(OR(A25="",D25="",D25=0),"",N25/D25*1000) -> 114.04729 | Q25: 3397 | R25: =IF(OR(A25="",M25="",M25+N25=0),"",Q25/(M25+N25)) -> 1.9455899
A26: 46197 | B26: =IF(A26="","",IFERROR(INT((A26-C3)/7)+I4,"")) -> 46 | C26: 9708 | D26: 716 | E26: 3 | F26: 3 | G26: =IF(A26="","",IFERROR(SUM(E$7:E26)/C4*100,"")) -> 0.54095827 | H26: 6551 | I26: 6317 | J26: =IF(OR(A26="",H26="",H26=0),"",I26/H26*100) -> 96.428026 | K26: =IF(OR(A26="",C26="",C26=0),"",H26/C26*100) -> 67.480429 | L26: 66.2 | M26: 1664 | N26: 82 | O26: =IF(OR(A26="",C26="",C26=0),"",M26/C26*1000) -> 171.40503 | P26: =IF(OR(A26="",D26="",D26=0),"",N26/D26*1000) -> 114.52514 | Q26: 3370 | R26: =IF(OR(A26="",M26="",M26+N26=0),"",Q26/(M26+N26)) -> 1.930126
A27: 46198 | B27: =IF(A27="","",IFERROR(INT((A27-C3)/7)+I4,"")) -> 46 | C27: 9706 | D27: 716 | E27: 2 | G27: =IF(A27="","",IFERROR(SUM(E$7:E27)/C4*100,"")) -> 0.56027821 | H27: 6603 | I27: 6414 | J27: =IF(OR(A27="",H27="",H27=0),"",I27/H27*100) -> 97.137665 | K27: =IF(OR(A27="",C27="",C27=0),"",H27/C27*100) -> 68.030084 | L27: 66.2 | M27: 1664 | N27: 82 | O27: =IF(OR(A27="",C27="",C27=0),"",M27/C27*1000) -> 171.44035 | P27: =IF(OR(A27="",D27="",D27=0),"",N27/D27*1000) -> 114.52514 | Q27: 3646 | R27: =IF(OR(A27="",M27="",M27+N27=0),"",Q27/(M27+N27)) -> 2.0882016 | U27: 3905 | V27: 4687
A28: 46199 | B28: =IF(A28="","",IFERROR(INT((A28-C3)/7)+I4,"")) -> 47 | C28: 9703 | D28: 716 | E28: 3 | G28: =IF(A28="","",IFERROR(SUM(E$7:E28)/C4*100,"")) -> 0.58925811 | H28: 6644 | I28: 6466 | J28: =IF(OR(A28="",H28="",H28=0),"",I28/H28*100) -> 97.320891 | K28: =IF(OR(A28="",C28="",C28=0),"",H28/C28*100) -> 68.473668 | L28: 66.1 | M28: 1669 | N28: 80 | O28: =IF(OR(A28="",C28="",C28=0),"",M28/C28*1000) -> 172.00866 | P28: =IF(OR(A28="",D28="",D28=0),"",N28/D28*1000) -> 111.73184 | Q28: 3512 | R28: =IF(OR(A28="",M28="",M28+N28=0),"",Q28/(M28+N28)) -> 2.0080046
A29: 46200 | B29: =IF(A29="","",IFERROR(INT((A29-C3)/7)+I4,"")) -> 47 | C29: 9701 | D29: 712 | E29: 2 | F29: 4 | G29: =IF(A29="","",IFERROR(SUM(E$7:E29)/C4*100,"")) -> 0.60857805 | H29: 6564 | I29: 6390 | J29: =IF(OR(A29="",H29="",H29=0),"",I29/H29*100) -> 97.349177 | K29: =IF(OR(A29="",C29="",C29=0),"",H29/C29*100) -> 67.663128 | L29: 66.2 | M29: 1669 | N29: 80 | O29: =IF(OR(A29="",C29="",C29=0),"",M29/C29*1000) -> 172.04412 | P29: =IF(OR(A29="",D29="",D29=0),"",N29/D29*1000) -> 112.35955 | Q29: 3848 | R29: =IF(OR(A29="",M29="",M29+N29=0),"",Q29/(M29+N29)) -> 2.2001144
A30: 46201 | B30: =IF(A30="","",IFERROR(INT((A30-C3)/7)+I4,"")) -> 47 | C30: 9698 | D30: 712 | E30: 3 | G30: =IF(A30="","",IFERROR(SUM(E$7:E30)/C4*100,"")) -> 0.63755796 | H30: 6653 | I30: 6521 | J30: =IF(OR(A30="",H30="",H30=0),"",I30/H30*100) -> 98.015933 | K30: =IF(OR(A30="",C30="",C30=0),"",H30/C30*100) -> 68.601774 | L30: 66.1 | M30: 1668 | N30: 80 | O30: =IF(OR(A30="",C30="",C30=0),"",M30/C30*1000) -> 171.99423 | P30: =IF(OR(A30="",D30="",D30=0),"",N30/D30*1000) -> 112.35955 | Q30: 4006 | R30: =IF(OR(A30="",M30="",M30+N30=0),"",Q30/(M30+N30)) -> 2.291762
A31: 46202 | B31: =IF(A31="","",IFERROR(INT((A31-C3)/7)+I4,"")) -> 47 | C31: 9696 | D31: 711 | E31: 2 | F31: 1 | G31: =IF(A31="","",IFERROR(SUM(E$7:E31)/C4*100,"")) -> 0.6568779 | H31: 6428 | I31: 6303 | J31: =IF(OR(A31="",H31="",H31=0),"",I31/H31*100) -> 98.055383 | K31: =IF(OR(A31="",C31="",C31=0),"",H31/C31*100) -> 66.29538 | L31: 66.3 | M31: 1668 | N31: 80 | O31: =IF(OR(A31="",C31="",C31=0),"",M31/C31*1000) -> 172.0297 | P31: =IF(OR(A31="",D31="",D31=0),"",N31/D31*1000) -> 112.51758 | Q31: 4014 | R31: =IF(OR(A31="",M31="",M31+N31=0),"",Q31/(M31+N31)) -> 2.2963387
A32: 46203 | B32: =IF(A32="","",IFERROR(INT((A32-C3)/7)+I4,"")) -> 47 | C32: 9691 | D32: 709 | E32: 5 | F32: 2 | G32: =IF(A32="","",IFERROR(SUM(E$7:E32)/C4*100,"")) -> 0.70517774 | H32: 6411 | I32: 6293 | J32: =IF(OR(A32="",H32="",H32=0),"",I32/H32*100) -> 98.159414 | K32: =IF(OR(A32="",C32="",C32=0),"",H32/C32*100) -> 66.154164 | L32: 66.4 | M32: 1666 | N32: 80 | O32: =IF(OR(A32="",C32="",C32=0),"",M32/C32*1000) -> 171.91208 | P32: =IF(OR(A32="",D32="",D32=0),"",N32/D32*1000) -> 112.83498 | Q32: 3266 | R32: =IF(OR(A32="",M32="",M32+N32=0),"",Q32/(M32+N32)) -> 1.8705613
A33: 46204 | B33: =IF(A33="","",IFERROR(INT((A33-C3)/7)+I4,"")) -> 47 | C33: 9689 | D33: 709 | E33: 2 | F33: 0 | G33: =IF(A33="","",IFERROR(SUM(E$7:E33)/C4*100,"")) -> 0.72449768 | H33: 6374 | I33: 6222 | J33: =IF(OR(A33="",H33="",H33=0),"",I33/H33*100) -> 97.615312 | K33: =IF(OR(A33="",C33="",C33=0),"",H33/C33*100) -> 65.785943 | L33: 66.3 | M33: 1666 | N33: 80 | O33: =IF(OR(A33="",C33="",C33=0),"",M33/C33*1000) -> 171.94757 | P33: =IF(OR(A33="",D33="",D33=0),"",N33/D33*1000) -> 112.83498 | Q33: 3619 | R33: =IF(OR(A33="",M33="",M33+N33=0),"",Q33/(M33+N33)) -> 2.0727377
A34: 46205 | B34: =IF(A34="","",IFERROR(INT((A34-C3)/7)+I4,"")) -> 47 | C34: 9686 | D34: 707 | E34: 3 | F34: 2 | G34: =IF(A34="","",IFERROR(SUM(E$7:E34)/C4*100,"")) -> 0.75347759 | H34: 6389 | I34: 6200 | J34: =IF(OR(A34="",H34="",H34=0),"",I34/H34*100) -> 97.041791 | K34: =IF(OR(A34="",C34="",C34=0),"",H34/C34*100) -> 65.961181 | L34: 66.4 | M34: 1666 | N34: 80 | O34: =IF(OR(A34="",C34="",C34=0),"",M34/C34*1000) -> 172.00083 | P34: =IF(OR(A34="",D34="",D34=0),"",N34/D34*1000) -> 113.15417 | Q34: 3456 | R34: =IF(OR(A34="",M34="",M34+N34=0),"",Q34/(M34+N34)) -> 1.9793814 | U34: 3905 | V34: 4687
A35: 46206 | B35: =IF(A35="","",IFERROR(INT((A35-C3)/7)+I4,"")) -> 48 | C35: 9685 | D35: 707 | E35: 1 | F35: 1 | G35: =IF(A35="","",IFERROR(SUM(E$7:E35)/C4*100,"")) -> 0.76313756 | H35: 6548 | I35: 6369 | J35: =IF(OR(A35="",H35="",H35=0),"",I35/H35*100) -> 97.266341 | K35: =IF(OR(A35="",C35="",C35=0),"",H35/C35*100) -> 67.609706 | L35: 66.4 | M35: 1666 | N35: 80 | O35: =IF(OR(A35="",C35="",C35=0),"",M35/C35*1000) -> 172.01859 | P35: =IF(OR(A35="",D35="",D35=0),"",N35/D35*1000) -> 113.15417 | Q35: 3310 | R35: =IF(OR(A35="",M35="",M35+N35=0),"",Q35/(M35+N35)) -> 1.8957617
A36: 46207 | B36: =IF(A36="","",IFERROR(INT((A36-C3)/7)+I4,"")) -> 48 | C36: 9683 | D36: 704 | E36: 2 | F36: 2 | G36: =IF(A36="","",IFERROR(SUM(E$7:E36)/C4*100,"")) -> 0.7824575 | H36: 6316 | I36: 6155 | J36: =IF(OR(A36="",H36="",H36=0),"",I36/H36*100) -> 97.450918 | K36: =IF(OR(A36="",C36="",C36=0),"",H36/C36*100) -> 65.227719 | L36: 66.4 | M36: 1666 | N36: 82 | O36: =IF(OR(A36="",C36="",C36=0),"",M36/C36*1000) -> 172.05412 | P36: =IF(OR(A36="",D36="",D36=0),"",N36/D36*1000) -> 116.47727 | Q36: 3083 | R36: =IF(OR(A36="",M36="",M36+N36=0),"",Q36/(M36+N36)) -> 1.76373 | W36: Woxsol 2kg / 50 l wody
A37: 46208 | B37: =IF(A37="","",IFERROR(INT((A37-C3)/7)+I4,"")) -> 48 | C37: 9680 | D37: 703 | E37: 3 | F37: 1 | G37: =IF(A37="","",IFERROR(SUM(E$7:E37)/C4*100,"")) -> 0.8114374 | H37: 6462 | I37: 6309 | J37: =IF(OR(A37="",H37="",H37=0),"",I37/H37*100) -> 97.632312 | K37: =IF(OR(A37="",C37="",C37=0),"",H37/C37*100) -> 66.756198 | L37: 66.6 | M37: 1665 | N37: 82 | O37: =IF(OR(A37="",C37="",C37=0),"",M37/C37*1000) -> 172.00413 | P37: =IF(OR(A37="",D37="",D37=0),"",N37/D37*1000) -> 116.64296 | Q37: 3023 | R37: =IF(OR(A37="",M37="",M37+N37=0),"",Q37/(M37+N37)) -> 1.730395 | W37: Woxsol 2kg / 50 l wody
A38: 46209 | B38: =IF(A38="","",IFERROR(INT((A38-C3)/7)+I4,"")) -> 48 | C38: 9679 | D38: 702 | E38: 1 | F38: 1 | G38: =IF(A38="","",IFERROR(SUM(E$7:E38)/C4*100,"")) -> 0.82109737 | H38: 6379 | I38: 6231 | J38: =IF(OR(A38="",H38="",H38=0),"",I38/H38*100) -> 97.679887 | K38: =IF(OR(A38="",C38="",C38=0),"",H38/C38*100) -> 65.905569 | L38: 66.7 | M38: 1665 | N38: 82 | O38: =IF(OR(A38="",C38="",C38=0),"",M38/C38*1000) -> 172.0219 | P38: =IF(OR(A38="",D38="",D38=0),"",N38/D38*1000) -> 116.80912 | Q38: 3073 | R38: =IF(OR(A38="",M38="",M38+N38=0),"",Q38/(M38+N38)) -> 1.7590155 | W38: Woxsol 2kg / 50 l wody
A39: 46210 | B39: =IF(A39="","",IFERROR(INT((A39-C3)/7)+I4,"")) -> 48 | C39: 9677 | D39: 699 | E39: 2 | F39: 3 | G39: =IF(A39="","",IFERROR(SUM(E$7:E39)/C4*100,"")) -> 0.84041731 | H39: 6366 | I39: 6241 | J39: =IF(OR(A39="",H39="",H39=0),"",I39/H39*100) -> 98.036444 | K39: =IF(OR(A39="",C39="",C39=0),"",H39/C39*100) -> 65.784851 | L39: 66.8 | M39: 1665 | N39: 82 | O39: =IF(OR(A39="",C39="",C39=0),"",M39/C39*1000) -> 172.05746 | P39: =IF(OR(A39="",D39="",D39=0),"",N39/D39*1000) -> 117.31044 | Q39: 3065 | R39: =IF(OR(A39="",M39="",M39+N39=0),"",Q39/(M39+N39)) -> 1.7544362 | W39: Woxsol 2kg / 50 l wody
A40: 46211 | B40: =IF(A40="","",IFERROR(INT((A40-C3)/7)+I4,"")) -> 48 | C40: 9675 | D40: 698 | E40: 0 | F40: 1 | G40: =IF(A40="","",IFERROR(SUM(E$7:E40)/C4*100,"")) -> 0.84041731 | H40: 6485 | I40: 6342 | J40: =IF(OR(A40="",H40="",H40=0),"",I40/H40*100) -> 97.794911 | K40: =IF(OR(A40="",C40="",C40=0),"",H40/C40*100) -> 67.028424 | L40: 66.7 | M40: 1664 | N40: 82 | O40: =IF(OR(A40="",C40="",C40=0),"",M40/C40*1000) -> 171.98966 | P40: =IF(OR(A40="",D40="",D40=0),"",N40/D40*1000) -> 117.47851 | Q40: 2845 | R40: =IF(OR(A40="",M40="",M40+N40=0),"",Q40/(M40+N40)) -> 1.6294387 | W40: Woxsol 2kg / 50 l wody
A41: 46212 | B41: =IF(A41="","",IFERROR(INT((A41-C3)/7)+I4,"")) -> 48 | C41: =C40-E41 -> 9670 | D41: =D40-F41 -> 697 | E41: 5 | F41: 1 | G41: =IF(A41="","",IFERROR(SUM(E$7:E41)/C4*100,"")) -> 0.88871716 | H41: 6404 | I41: 6265 | J41: =IF(OR(A41="",H41="",H41=0),"",I41/H41*100) -> 97.829482 | K41: =IF(OR(A41="",C41="",C41=0),"",H41/C41*100) -> 66.22544 | L41: 66.2 | M41: 1664 | N41: 82 | O41: =IF(OR(A41="",C41="",C41=0),"",M41/C41*1000) -> 172.07859 | P41: =IF(OR(A41="",D41="",D41=0),"",N41/D41*1000) -> 117.64706 | Q41: 3070 | R41: =IF(OR(A41="",M41="",M41+N41=0),"",Q41/(M41+N41)) -> 1.7583047 | W41: Woxsol 2kg / 50 l wody
A42: 46213 | B42: =IF(A42="","",IFERROR(INT((A42-C3)/7)+I4,"")) -> 49 | C42: =C41-E42 -> 9664 | D42: =D41-F42 -> 695 | E42: 6 | F42: 2 | G42: =IF(A42="","",IFERROR(SUM(E$7:E42)/C4*100,"")) -> 0.94667697 | H42: 6283 | I42: 6138 | J42: =IF(OR(A42="",H42="",H42=0),"",I42/H42*100) -> 97.692185 | K42: =IF(OR(A42="",C42="",C42=0),"",H42/C42*100) -> 65.014487 | L42: 64.9 | M42: 1664 | N42: 80 | O42: =IF(OR(A42="",C42="",C42=0),"",M42/C42*1000) -> 172.18543 | P42: =IF(OR(A42="",D42="",D42=0),"",N42/D42*1000) -> 115.10791 | Q42: 3018 | R42: =IF(OR(A42="",M42="",M42+N42=0),"",Q42/(M42+N42)) -> 1.7305046 | U42: 3947 | V42: 4679
A43: 46214 | B43: =IF(A43="","",IFERROR(INT((A43-C3)/7)+I4,"")) -> 49 | C43: =C42-E43 -> 9659 | D43: =D42-F43 -> 695 | E43: 5 | F43: 0 | G43: =IF(A43="","",IFERROR(SUM(E$7:E43)/C4*100,"")) -> 0.99497682 | H43: 6317 | I43: 6149 | J43: =IF(OR(A43="",H43="",H43=0),"",I43/H43*100) -> 97.34051 | K43: =IF(OR(A43="",C43="",C43=0),"",H43/C43*100) -> 65.400145 | L43: 65.1 | M43: 1663 | N43: 80 | O43: =IF(OR(A43="",C43="",C43=0),"",M43/C43*1000) -> 172.17103 | P43: =IF(OR(A43="",D43="",D43=0),"",N43/D43*1000) -> 115.10791 | Q43: 3187 | R43: =IF(OR(A43="",M43="",M43+N43=0),"",Q43/(M43+N43)) -> 1.8284567
A44: 46215 | B44: =IF(A44="","",IFERROR(INT((A44-C3)/7)+I4,"")) -> 49 | C44: =C43-E44 -> 9655 | D44: =D43-F44 -> 694 | E44: 4 | F44: 1 | G44: =IF(A44="","",IFERROR(SUM(E$7:E44)/C4*100,"")) -> 1.0336167 | H44: 6371 | I44: 6213 | J44: =IF(OR(A44="",H44="",H44=0),"",I44/H44*100) -> 97.520013 | K44: =IF(OR(A44="",C44="",C44=0),"",H44/C44*100) -> 65.986535 | L44: 66.5 | M44: 1662 | N44: 80 | O44: =IF(OR(A44="",C44="",C44=0),"",M44/C44*1000) -> 172.13879 | P44: =IF(OR(A44="",D44="",D44=0),"",N44/D44*1000) -> 115.27378 | Q44: 3247 | R44: =IF(OR(A44="",M44="",M44+N44=0),"",Q44/(M44+N44)) -> 1.8639495
A45: 46216 | B45: =IF(A45="","",IFERROR(INT((A45-C3)/7)+I4,"")) -> 49 | C45: =C44-E45 -> 9654 | D45: =D44-F45 -> 692 | E45: 1 | F45: 2 | G45: =IF(A45="","",IFERROR(SUM(E$7:E45)/C4*100,"")) -> 1.0432767 | H45: 6376 | I45: 6234 | J45: =IF(OR(A45="",H45="",H45=0),"",I45/H45*100) -> 97.772898 | K45: =IF(OR(A45="",C45="",C45=0),"",H45/C45*100) -> 66.045163 | L45: 66.3 | M45: 1662 | N45: 80 | O45: =IF(OR(A45="",C45="",C45=0),"",M45/C45*1000) -> 172.15662 | P45: =IF(OR(A45="",D45="",D45=0),"",N45/D45*1000) -> 115.60694 | Q45: 3240 | R45: =IF(OR(A45="",M45="",M45+N45=0),"",Q45/(M45+N45)) -> 1.8599311
A46: 46217 | B46: =IF(A46="","",IFERROR(INT((A46-C3)/7)+I4,"")) -> 49 | C46: =C45-E46 -> 9652 | D46: =D45-F46 -> 692 | E46: 2 | F46: 0 | G46: =IF(A46="","",IFERROR(SUM(E$7:E46)/C4*100,"")) -> 1.0625966 | H46: 6150 | I46: 6008 | J46: =IF(OR(A46="",H46="",H46=0),"",I46/H46*100) -> 97.691057 | K46: =IF(OR(A46="",C46="",C46=0),"",H46/C46*100) -> 63.717364 | L46: 66 | M46: 1662 | N46: 80 | O46: =IF(OR(A46="",C46="",C46=0),"",M46/C46*1000) -> 172.19229 | P46: =IF(OR(A46="",D46="",D46=0),"",N46/D46*1000) -> 115.60694 | Q46: 3146 | R46: =IF(OR(A46="",M46="",M46+N46=0),"",Q46/(M46+N46)) -> 1.8059701
A47: 46218 | B47: =IF(A47="","",IFERROR(INT((A47-C3)/7)+I4,"")) -> 49 | C47: =C46-E47 -> 9650 | D47: =D46-F47 -> 690 | E47: 2 | F47: 2 | G47: =IF(A47="","",IFERROR(SUM(E$7:E47)/C4*100,"")) -> 1.0819165 | H47: 6142 | I47: 5995 | J47: =IF(OR(A47="",H47="",H47=0),"",I47/H47*100) -> 97.606643 | K47: =IF(OR(A47="",C47="",C47=0),"",H47/C47*100) -> 63.647668 | L47: 65.9 | M47: 1662 | N47: 80 | O47: =IF(OR(A47="",C47="",C47=0),"",M47/C47*1000) -> 172.22798 | P47: =IF(OR(A47="",D47="",D47=0),"",N47/D47*1000) -> 115.94203 | Q47: 3311 | R47: =IF(OR(A47="",M47="",M47+N47=0),"",Q47/(M47+N47)) -> 1.9006889
A48: 46219 | B48: =IF(A48="","",IFERROR(INT((A48-C3)/7)+I4,"")) -> 49 | C48: =C47-E48 -> 9648 | D48: =D47-F48 -> 689 | E48: 2 | F48: 1 | G48: =IF(A48="","",IFERROR(SUM(E$7:E48)/C4*100,"")) -> 1.1012365 | H48: 6222 | I48: 6063 | J48: =IF(OR(A48="",H48="",H48=0),"",I48/H48*100) -> 97.444552 | K48: =IF(OR(A48="",C48="",C48=0),"",H48/C48*100) -> 64.49005 | L48: 66.1 | M48: 1662 | N48: 80 | O48: =IF(OR(A48="",C48="",C48=0),"",M48/C48*1000) -> 172.26368 | P48: =IF(OR(A48="",D48="",D48=0),"",N48/D48*1000) -> 116.1103 | Q48: 3392 | R48: =IF(OR(A48="",M48="",M48+N48=0),"",Q48/(M48+N48)) -> 1.9471871
A49: 46220 | B49: =IF(A49="","",IFERROR(INT((A49-C3)/7)+I4,"")) -> 50 | C49: =C48-E49 -> 9646 | D49: =D48-F49 -> 688 | E49: 2 | F49: 1 | G49: =IF(A49="","",IFERROR(SUM(E$7:E49)/C4*100,"")) -> 1.1205564 | H49: 6081 | I49: 5928 | J49: =IF(OR(A49="",H49="",H49=0),"",I49/H49*100) -> 97.483966 | K49: =IF(OR(A49="",C49="",C49=0),"",H49/C49*100) -> 63.041675 | L49: 66.4 | M49: 1662 | N49: 80 | O49: =IF(OR(A49="",C49="",C49=0),"",M49/C49*1000) -> 172.2994 | P49: =IF(OR(A49="",D49="",D49=0),"",N49/D49*1000) -> 116.27907 | Q49: 4428 | R49: =IF(OR(A49="",M49="",M49+N49=0),"",Q49/(M49+N49)) -> 2.5419059 | U49: 3915
A50: 46221 | B50: =IF(A50="","",IFERROR(INT((A50-C3)/7)+I4,"")) -> 50 | C50: =C49-E50 -> 9644 | D50: =D49-F50 -> 688 | E50: 2 | F50: 0 | G50: =IF(A50="","",IFERROR(SUM(E$7:E50)/C4*100,"")) -> 1.1398764 | H50: 6175 | I50: 6007 | J50: =IF(OR(A50="",H50="",H50=0),"",I50/H50*100) -> 97.279352 | K50: =IF(OR(A50="",C50="",C50=0),"",H50/C50*100) -> 64.029448 | L50: 66.3 | M50: 1662 | N50: 80 | O50: =IF(OR(A50="",C50="",C50=0),"",M50/C50*1000) -> 172.33513 | P50: =IF(OR(A50="",D50="",D50=0),"",N50/D50*1000) -> 116.27907 | Q50: 3138 | R50: =IF(OR(A50="",M50="",M50+N50=0),"",Q50/(M50+N50)) -> 1.8013777
A51: 46222 | B51: =IF(A51="","",IFERROR(INT((A51-C3)/7)+I4,"")) -> 50 | C51: =C50-E51 -> 9642 | D51: =D50-F51 -> 687 | E51: 2 | F51: 1 | G51: =IF(A51="","",IFERROR(SUM(E$7:E51)/C4*100,"")) -> 1.1591963 | H51: 6233 | I51: 6047 | J51: =IF(OR(A51="",H51="",H51=0),"",I51/H51*100) -> 97.015883 | K51: =IF(OR(A51="",C51="",C51=0),"",H51/C51*100) -> 64.644265 | L51: 66 | M51: 1662 | N51: 80 | O51: =IF(OR(A51="",C51="",C51=0),"",M51/C51*1000) -> 172.37088 | P51: =IF(OR(A51="",D51="",D51=0),"",N51/D51*1000) -> 116.44833 | Q51: 3256 | R51: =IF(OR(A51="",M51="",M51+N51=0),"",Q51/(M51+N51)) -> 1.869116
A52: 46223 | B52: =IF(A52="","",IFERROR(INT((A52-C3)/7)+I4,"")) -> 50 | C52: =C51-E52 -> 9638 | D52: =D51-F52 -> 687 | E52: 4 | F52: 0 | G52: =IF(A52="","",IFERROR(SUM(E$7:E52)/C4*100,"")) -> 1.1978362 | H52: 6154 | I52: 6012 | J52: =IF(OR(A52="",H52="",H52=0),"",I52/H52*100) -> 97.692558 | K52: =IF(OR(A52="",C52="",C52=0),"",H52/C52*100) -> 63.851421 | L52: 66.3 | M52: 1662 | N52: 80 | O52: =IF(OR(A52="",C52="",C52=0),"",M52/C52*1000) -> 172.44242 | P52: =IF(OR(A52="",D52="",D52=0),"",N52/D52*1000) -> 116.44833 | Q52: 3477 | R52: =IF(OR(A52="",M52="",M52+N52=0),"",Q52/(M52+N52)) -> 1.9959816
A53: 46224 | B53: =IF(A53="","",IFERROR(INT((A53-C3)/7)+I4,"")) -> 50 | C53: =C52-E53 -> 9636 | D53: =D52-F53 -> 687 | E53: 2 | F53: 0 | G53: =IF(A53="","",IFERROR(SUM(E$7:E53)/C4*100,"")) -> 1.2171561 | H53: 6060 | I53: 5892 | J53: =IF(OR(A53="",H53="",H53=0),"",I53/H53*100) -> 97.227723 | K53: =IF(OR(A53="",C53="",C53=0),"",H53/C53*100) -> 62.889166 | L53: 66.5 | M53: 1662 | N53: 80 | O53: =IF(OR(A53="",C53="",C53=0),"",M53/C53*1000) -> 172.47821 | P53: =IF(OR(A53="",D53="",D53=0),"",N53/D53*1000) -> 116.44833 | Q53: 3254 | R53: =IF(OR(A53="",M53="",M53+N53=0),"",Q53/(M53+N53)) -> 1.8679679
A54: 46225 | B54: =IF(A54="","",IFERROR(INT((A54-C3)/7)+I4,"")) -> 50 | C54: =C53-E54 -> 9635 | D54: =D53-F54 -> 685 | E54: 1 | F54: 2 | G54: =IF(A54="","",IFERROR(SUM(E$7:E54)/C4*100,"")) -> 1.2268161 | H54: 6246 | I54: 6046 | J54: =IF(OR(A54="",H54="",H54=0),"",I54/H54*100) -> 96.797951 | K54: =IF(OR(A54="",C54="",C54=0),"",H54/C54*100) -> 64.826155 | L54: 66.4 | M54: 1662 | N54: 82 | O54: =IF(OR(A54="",C54="",C54=0),"",M54/C54*1000) -> 172.49611 | P54: =IF(OR(A54="",D54="",D54=0),"",N54/D54*1000) -> 119.70803 | Q54: 3358 | R54: =IF(OR(A54="",M54="",M54+N54=0),"",Q54/(M54+N54)) -> 1.9254587
A55: 46226 | B55: =IF(A55="","",IFERROR(INT((A55-C3)/7)+I4,"")) -> 50 | C55: =C54-E55 -> 9633 | D55: =D54-F55 -> 685 | E55: 2 | F55: 0 | G55: =IF(A55="","",IFERROR(SUM(E$7:E55)/C4*100,"")) -> 1.246136 | H55: 5912 | I55: 5787 | J55: =IF(OR(A55="",H55="",H55=0),"",I55/H55*100) -> 97.885656 | K55: =IF(OR(A55="",C55="",C55=0),"",H55/C55*100) -> 61.372366 | L55: 66.4 | M55: 1662 | N55: 82 | O55: =IF(OR(A55="",C55="",C55=0),"",M55/C55*1000) -> 172.53192 | P55: =IF(OR(A55="",D55="",D55=0),"",N55/D55*1000) -> 119.70803 | Q55: 3026 | R55: =IF(OR(A55="",M55="",M55+N55=0),"",Q55/(M55+N55)) -> 1.7350917
A56: 46227 | B56: =IF(A56="","",IFERROR(INT((A56-C3)/7)+I4,"")) -> 51 | C56: =C55-E56 -> 9628 | D56: =D55-F56 -> 684 | E56: 5 | F56: 1 | G56: =IF(A56="","",IFERROR(SUM(E$7:E56)/C4*100,"")) -> 1.2944359 | H56: 5914 | I56: 5793 | J56: =IF(OR(A56="",H56="",H56=0),"",I56/H56*100) -> 97.954007 | K56: =IF(OR(A56="",C56="",C56=0),"",H56/C56*100) -> 61.42501 | L56: 66.4 | M56: 1676 | N56: 82 | O56: =IF(OR(A56="",C56="",C56=0),"",M56/C56*1000) -> 174.07561 | P56: =IF(OR(A56="",D56="",D56=0),"",N56/D56*1000) -> 119.88304 | Q56: 2852 | R56: =IF(OR(A56="",M56="",M56+N56=0),"",Q56/(M56+N56)) -> 1.6222981
A57: 46228 | B57: =IF(A57="","",IFERROR(INT((A57-C3)/7)+I4,"")) -> 51 | C57: =C56-E57 -> 9625 | D57: =D56-F57 -> 682 | E57: 3 | F57: 2 | G57: =IF(A57="","",IFERROR(SUM(E$7:E57)/C4*100,"")) -> 1.3234158 | H57: 5919 | I57: 5771 | J57: =IF(OR(A57="",H57="",H57=0),"",I57/H57*100) -> 97.499578 | K57: =IF(OR(A57="",C57="",C57=0),"",H57/C57*100) -> 61.496104 | L57: 66.4 | M57: 1676 | N57: 82 | O57: =IF(OR(A57="",C57="",C57=0),"",M57/C57*1000) -> 174.12987 | P57: =IF(OR(A57="",D57="",D57=0),"",N57/D57*1000) -> 120.2346 | Q57: 3147 | R57: =IF(OR(A57="",M57="",M57+N57=0),"",Q57/(M57+N57)) -> 1.7901024
A58: 46229 | B58: =IF(A58="","",IFERROR(INT((A58-C3)/7)+I4,"")) -> 51 | C58: =C57-E58 -> 9621 | D58: =D57-F58 -> 682 | E58: 4 | F58: 0 | G58: =IF(A58="","",IFERROR(SUM(E$7:E58)/C4*100,"")) -> 1.3620556 | H58: 5808 | I58: 5755 | J58: =IF(OR(A58="",H58="",H58=0),"",I58/H58*100) -> 99.087466 | K58: =IF(OR(A58="",C58="",C58=0),"",H58/C58*100) -> 60.367945 | L58: 66.8 | M58: 1676 | N58: 82 | O58: =IF(OR(A58="",C58="",C58=0),"",M58/C58*1000) -> 174.20227 | P58: =IF(OR(A58="",D58="",D58=0),"",N58/D58*1000) -> 120.2346 | Q58: 3253 | R58: =IF(OR(A58="",M58="",M58+N58=0),"",Q58/(M58+N58)) -> 1.8503982
A59: 46230 | B59: =IF(A59="","",IFERROR(INT((A59-C3)/7)+I4,"")) -> 51 | C59: =C58-E59 -> 9619 | D59: =D58-F59 -> 681 | E59: 2 | F59: 1 | G59: =IF(A59="","",IFERROR(SUM(E$7:E59)/C4*100,"")) -> 1.3813756 | H59: 5671 | I59: 5523 | J59: =IF(OR(A59="",H59="",H59=0),"",I59/H59*100) -> 97.390231 | K59: =IF(OR(A59="",C59="",C59=0),"",H59/C59*100) -> 58.956232 | L59: 66.6 | M59: 1676 | N59: 82 | O59: =IF(OR(A59="",C59="",C59=0),"",M59/C59*1000) -> 174.23849 | P59: =IF(OR(A59="",D59="",D59=0),"",N59/D59*1000) -> 120.41116 | Q59: 3346 | R59: =IF(OR(A59="",M59="",M59+N59=0),"",Q59/(M59+N59)) -> 1.9032992
A60: 46231 | B60: =IF(A60="","",IFERROR(INT((A60-C3)/7)+I4,"")) -> 51 | C60: =C59-E60 -> 9615 | D60: =D59-F60 -> 679 | E60: 4 | F60: 2 | G60: =IF(A60="","",IFERROR(SUM(E$7:E60)/C4*100,"")) -> 1.4200155 | H60: 6011 | I60: 5849 | J60: =IF(OR(A60="",H60="",H60=0),"",I60/H60*100) -> 97.304941 | K60: =IF(OR(A60="",C60="",C60=0),"",H60/C60*100) -> 62.516901 | L60: 66.9 | M60: 1676 | N60: 82 | O60: =IF(OR(A60="",C60="",C60=0),"",M60/C60*1000) -> 174.31097 | P60: =IF(OR(A60="",D60="",D60=0),"",N60/D60*1000) -> 120.76583 | Q60: 3291 | R60: =IF(OR(A60="",M60="",M60+N60=0),"",Q60/(M60+N60)) -> 1.8720137
A61: 46232 | B61: =IF(A61="","",IFERROR(INT((A61-C3)/7)+I4,"")) -> 51 | C61: =C60-E61 -> 9613 | D61: =D60-F61 -> 678 | E61: 2 | F61: 1 | G61: =IF(A61="","",IFERROR(SUM(E$7:E61)/C4*100,"")) -> 1.4393354 | H61: 5737 | I61: 5590 | J61: =IF(OR(A61="",H61="",H61=0),"",I61/H61*100) -> 97.437685 | K61: =IF(OR(A61="",C61="",C61=0),"",H61/C61*100) -> 59.679601 | L61: 66.8 | M61: 1676 | N61: 82 | O61: =IF(OR(A61="",C61="",C61=0),"",M61/C61*1000) -> 174.34724 | P61: =IF(OR(A61="",D61="",D61=0),"",N61/D61*1000) -> 120.94395 | Q61: 3177 | R61: =IF(OR(A61="",M61="",M61+N61=0),"",Q61/(M61+N61)) -> 1.8071672
A62: 46233 | B62: =IF(A62="","",IFERROR(INT((A62-C3)/7)+I4,"")) -> 51 | C62: =C61-E62 -> 9610 | D62: =D61-F62 -> 678 | E62: 3 | F62: 0 | G62: =IF(A62="","",IFERROR(SUM(E$7:E62)/C4*100,"")) -> 1.4683153 | H62: 5778 | I62: 5615 | J62: =IF(OR(A62="",H62="",H62=0),"",I62/H62*100) -> 97.178955 | K62: =IF(OR(A62="",C62="",C62=0),"",H62/C62*100) -> 60.12487 | L62: 67 | M62: 1676 | N62: 82 | O62: =IF(OR(A62="",C62="",C62=0),"",M62/C62*1000) -> 174.40166 | P62: =IF(OR(A62="",D62="",D62=0),"",N62/D62*1000) -> 120.94395 | Q62: 3579 | R62: =IF(OR(A62="",M62="",M62+N62=0),"",Q62/(M62+N62)) -> 2.0358362
A63: 46234 | B63: =IF(A63="","",IFERROR(INT((A63-C3)/7)+I4,"")) -> 52 | C63: =C62-E63 -> 9608 | D63: =D62-F63 -> 675 | E63: 2 | F63: 3 | G63: =IF(A63="","",IFERROR(SUM(E$7:E63)/C4*100,"")) -> 1.4876352 | H63: 6074 | I63: 5890 | J63: =IF(OR(A63="",H63="",H63=0),"",I63/H63*100) -> 96.970695 | K63: =IF(OR(A63="",C63="",C63=0),"",H63/C63*100) -> 63.218152 | L63: 67 | M63: 1676 | N63: 82 | O63: =IF(OR(A63="",C63="",C63=0),"",M63/C63*1000) -> 174.43797 | P63: =IF(OR(A63="",D63="",D63=0),"",N63/D63*1000) -> 121.48148 | Q63: 3280 | R63: =IF(OR(A63="",M63="",M63+N63=0),"",Q63/(M63+N63)) -> 1.8657565
A64: 46235 | B64: =IF(A64="","",IFERROR(INT((A64-C3)/7)+I4,"")) -> 52 | C64: =C63-E64 -> 9606 | D64: =D63-F64 -> 673 | E64: 2 | F64: 2 | G64: =IF(A64="","",IFERROR(SUM(E$7:E64)/C4*100,"")) -> 1.5069552 | H64: 6217 | I64: 6041 | J64: =IF(OR(A64="",H64="",H64=0),"",I64/H64*100) -> 97.169053 | K64: =IF(OR(A64="",C64="",C64=0),"",H64/C64*100) -> 64.719967 | L64: 66.9 | M64: 1676 | N64: 82 | O64: =IF(OR(A64="",C64="",C64=0),"",M64/C64*1000) -> 174.47429 | P64: =IF(OR(A64="",D64="",D64=0),"",N64/D64*1000) -> 121.8425 | Q64: 3197 | R64: =IF(OR(A64="",M64="",M64+N64=0),"",Q64/(M64+N64)) -> 1.8185438
A65: 46236 | B65: =IF(A65="","",IFERROR(INT((A65-C3)/7)+I4,"")) -> 52 | C65: =C64-E65 -> 9605 | D65: =D64-F65 -> 672 | E65: 1 | F65: 1 | G65: =IF(A65="","",IFERROR(SUM(E$7:E65)/C4*100,"")) -> 1.5166151 | H65: 6042 | I65: 5903 | J65: =IF(OR(A65="",H65="",H65=0),"",I65/H65*100) -> 97.699437 | K65: =IF(OR(A65="",C65="",C65=0),"",H65/C65*100) -> 62.904737 | L65: 66.7 | M65: 1676 | N65: 82 | O65: =IF(OR(A65="",C65="",C65=0),"",M65/C65*1000) -> 174.49245 | P65: =IF(OR(A65="",D65="",D65=0),"",N65/D65*1000) -> 122.02381 | Q65: 3261 | R65: =IF(OR(A65="",M65="",M65+N65=0),"",Q65/(M65+N65)) -> 1.8549488
A66: 46237 | B66: =IF(A66="","",IFERROR(INT((A66-C3)/7)+I4,"")) -> 52 | C66: =C65-E66 -> 9602 | D66: =D65-F66 -> 671 | E66: 3 | F66: 1 | G66: =IF(A66="","",IFERROR(SUM(E$7:E66)/C4*100,"")) -> 1.5455951 | H66: 6420 | I66: 5236 | J66: =IF(OR(A66="",H66="",H66=0),"",I66/H66*100) -> 81.557632 | K66: =IF(OR(A66="",C66="",C66=0),"",H66/C66*100) -> 66.861071 | L66: 66.8 | M66: 1671 | N66: 84 | O66: =IF(OR(A66="",C66="",C66=0),"",M66/C66*1000) -> 174.02624 | P66: =IF(OR(A66="",D66="",D66=0),"",N66/D66*1000) -> 125.18629 | Q66: 3085 | R66: =IF(OR(A66="",M66="",M66+N66=0),"",Q66/(M66+N66)) -> 1.7578348
A67: 46238 | B67: =IF(A67="","",IFERROR(INT((A67-C3)/7)+I4,"")) -> 52 | C67: =C66-E67 -> 9600 | D67: =D66-F67 -> 669 | E67: 2 | F67: 2 | G67: =IF(A67="","",IFERROR(SUM(E$7:E67)/C4*100,"")) -> 1.564915 | H67: 5679 | I67: 5542 | J67: =IF(OR(A67="",H67="",H67=0),"",I67/H67*100) -> 97.587603 | K67: =IF(OR(A67="",C67="",C67=0),"",H67/C67*100) -> 59.15625 | L67: 66.7 | M67: 1671 | N67: 84 | O67: =IF(OR(A67="",C67="",C67=0),"",M67/C67*1000) -> 174.0625 | P67: =IF(OR(A67="",D67="",D67=0),"",N67/D67*1000) -> 125.56054 | Q67: 3195 | R67: =IF(OR(A67="",M67="",M67+N67=0),"",Q67/(M67+N67)) -> 1.8205128
A68: 46239 | B68: =IF(A68="","",IFERROR(INT((A68-C3)/7)+I4,"")) -> 52 | C68: =C67-E68 -> 9593 | D68: =D67-F68 -> 667 | E68: 7 | F68: 2 | G68: =IF(A68="","",IFERROR(SUM(E$7:E68)/C4*100,"")) -> 1.6325348 | H68: 5975 | I68: 5826 | J68: =IF(OR(A68="",H68="",H68=0),"",I68/H68*100) -> 97.506276 | K68: =IF(OR(A68="",C68="",C68=0),"",H68/C68*100) -> 62.284999 | L68: 66.5 | M68: 1671 | N68: 84 | O68: =IF(OR(A68="",C68="",C68=0),"",M68/C68*1000) -> 174.18951 | P68: =IF(OR(A68="",D68="",D68=0),"",N68/D68*1000) -> 125.93703 | Q68: 3377 | R68: =IF(OR(A68="",M68="",M68+N68=0),"",Q68/(M68+N68)) -> 1.9242165
A69: 46240 | B69: =IF(A69="","",IFERROR(INT((A69-C3)/7)+I4,"")) -> 52 | C69: =C68-E69 -> 9591 | D69: =D68-F69 -> 667 | E69: 2 | F69: 0 | G69: =IF(A69="","",IFERROR(SUM(E$7:E69)/C4*100,"")) -> 1.6518547 | H69: 6051 | I69: 5864 | J69: =IF(OR(A69="",H69="",H69=0),"",I69/H69*100) -> 96.909602 | K69: =IF(OR(A69="",C69="",C69=0),"",H69/C69*100) -> 63.090397 | L69: 66.4 | M69: 1671 | N69: 84 | O69: =IF(OR(A69="",C69="",C69=0),"",M69/C69*1000) -> 174.22584 | P69: =IF(OR(A69="",D69="",D69=0),"",N69/D69*1000) -> 125.93703 | Q69: 2999 | R69: =IF(OR(A69="",M69="",M69+N69=0),"",Q69/(M69+N69)) -> 1.7088319
A70: 46241 | B70: =IF(A70="","",IFERROR(INT((A70-C3)/7)+I4,"")) -> 53 | C70: =C69-E70 -> 9589 | D70: =D69-F70 -> 666 | E70: 2 | F70: 1 | G70: =IF(A70="","",IFERROR(SUM(E$7:E70)/C4*100,"")) -> 1.6711747 | H70: 6011 | I70: 5855 | J70: =IF(OR(A70="",H70="",H70=0),"",I70/H70*100) -> 97.404758 | K70: =IF(OR(A70="",C70="",C70=0),"",H70/C70*100) -> 62.686412 | L70: 66.4 | M70: 1671 | N70: 84 | O70: =IF(OR(A70="",C70="",C70=0),"",M70/C70*1000) -> 174.26218 | P70: =IF(OR(A70="",D70="",D70=0),"",N70/D70*1000) -> 126.12613 | Q70: 3241 | R70: =IF(OR(A70="",M70="",M70+N70=0),"",Q70/(M70+N70)) -> 1.8467236
A71: 46242 | B71: =IF(A71="","",IFERROR(INT((A71-C3)/7)+I4,"")) -> 53 | C71: =C70-E71 -> 9586 | D71: =D70-F71 -> 664 | E71: 3 | F71: 2 | G71: =IF(A71="","",IFERROR(SUM(E$7:E71)/C4*100,"")) -> 1.7001546 | H71: 5949 | I71: 5767 | J71: =IF(OR(A71="",H71="",H71=0),"",I71/H71*100) -> 96.940662 | K71: =IF(OR(A71="",C71="",C71=0),"",H71/C71*100) -> 62.059253 | L71: 66.2 | M71: 1671 | N71: 84 | O71: =IF(OR(A71="",C71="",C71=0),"",M71/C71*1000) -> 174.31671 | P71: =IF(OR(A71="",D71="",D71=0),"",N71/D71*1000) -> 126.50602 | Q71: 3264 | R71: =IF(OR(A71="",M71="",M71+N71=0),"",Q71/(M71+N71)) -> 1.8598291
A72: 46243 | B72: =IF(A72="","",IFERROR(INT((A72-C3)/7)+I4,"")) -> 53 | C72: =C71-E72 -> 9586 | D72: =D71-F72 -> 664 | E72: 0 | F72: 0 | G72: =IF(A72="","",IFERROR(SUM(E$7:E72)/C4*100,"")) -> 1.7001546 | H72: 6052 | I72: 5894 | J72: =IF(OR(A72="",H72="",H72=0),"",I72/H72*100) -> 97.389293 | K72: =IF(OR(A72="",C72="",C72=0),"",H72/C72*100) -> 63.133737 | L72: 66.6 | M72: 1671 | N72: 84 | O72: =IF(OR(A72="",C72="",C72=0),"",M72/C72*1000) -> 174.31671 | P72: =IF(OR(A72="",D72="",D72=0),"",N72/D72*1000) -> 126.50602 | Q72: 3488 | R72: =IF(OR(A72="",M72="",M72+N72=0),"",Q72/(M72+N72)) -> 1.9874644
A73: 46244 | B73: =IF(A73="","",IFERROR(INT((A73-C3)/7)+I4,"")) -> 53 | C73: =C72-E73 -> 9586 | D73: =D72-F73 -> 663 | E73: 0 | F73: 1 | G73: =IF(A73="","",IFERROR(SUM(E$7:E73)/C4*100,"")) -> 1.7001546 | H73: 5533 | I73: 5371 | J73: =IF(OR(A73="",H73="",H73=0),"",I73/H73*100) -> 97.072113 | K73: =IF(OR(A73="",C73="",C73=0),"",H73/C73*100) -> 57.719591 | L73: 66.6 | M73: 1671 | N73: 84 | O73: =IF(OR(A73="",C73="",C73=0),"",M73/C73*1000) -> 174.31671 | P73: =IF(OR(A73="",D73="",D73=0),"",N73/D73*1000) -> 126.69683 | Q73: 3350 | R73: =IF(OR(A73="",M73="",M73+N73=0),"",Q73/(M73+N73)) -> 1.9088319
A74: 46245 | B74: =IF(A74="","",IFERROR(INT((A74-C3)/7)+I4,"")) -> 53 | C74: =C73-E74 -> 9581 | D74: =D73-F74 -> 661 | E74: 5 | F74: 2 | G74: =IF(A74="","",IFERROR(SUM(E$7:E74)/C4*100,"")) -> 1.7484544 | H74: 5740 | I74: 5565 | J74: =IF(OR(A74="",H74="",H74=0),"",I74/H74*100) -> 96.95122 | K74: =IF(OR(A74="",C74="",C74=0),"",H74/C74*100) -> 59.910239 | L74: 66.7 | M74: 1671 | N74: 84 | O74: =IF(OR(A74="",C74="",C74=0),"",M74/C74*1000) -> 174.40768 | P74: =IF(OR(A74="",D74="",D74=0),"",N74/D74*1000) -> 127.08018 | Q74: 3364 | R74: =IF(OR(A74="",M74="",M74+N74=0),"",Q74/(M74+N74)) -> 1.9168091
A75: 46246 | B75: =IF(A75="","",IFERROR(INT((A75-C3)/7)+I4,"")) -> 53 | C75: =C74-E75 -> 9579 | D75: =D74-F75 -> 661 | E75: 2 | F75: 0 | G75: =IF(A75="","",IFERROR(SUM(E$7:E75)/C4*100,"")) -> 1.7677743 | H75: 5814 | I75: 5632 | J75: =IF(OR(A75="",H75="",H75=0),"",I75/H75*100) -> 96.869625 | K75: =IF(OR(A75="",C75="",C75=0),"",H75/C75*100) -> 60.695271 | L75: 66.7 | M75: 1671 | N75: 84 | O75: =IF(OR(A75="",C75="",C75=0),"",M75/C75*1000) -> 174.4441 | P75: =IF(OR(A75="",D75="",D75=0),"",N75/D75*1000) -> 127.08018 | Q75: 3282 | R75: =IF(OR(A75="",M75="",M75+N75=0),"",Q75/(M75+N75)) -> 1.8700855
A76: 46247 | B76: =IF(A76="","",IFERROR(INT((A76-C3)/7)+I4,"")) -> 53 | C76: =C75-E76 -> 9573 | D76: =D75-F76 -> 661 | E76: 6 | F76: 0 | G76: =IF(A76="","",IFERROR(SUM(E$7:E76)/C4*100,"")) -> 1.8257342 | H76: 5688 | I76: 5545 | J76: =IF(OR(A76="",H76="",H76=0),"",I76/H76*100) -> 97.485935 | K76: =IF(OR(A76="",C76="",C76=0),"",H76/C76*100) -> 59.417111 | L76: 66.9 | M76: 1671 | N76: 84 | O76: =IF(OR(A76="",C76="",C76=0),"",M76/C76*1000) -> 174.55343 | P76: =IF(OR(A76="",D76="",D76=0),"",N76/D76*1000) -> 127.08018 | Q76: 3323 | R76: =IF(OR(A76="",M76="",M76+N76=0),"",Q76/(M76+N76)) -> 1.8934473
A77: 46248 | B77: =IF(A77="","",IFERROR(INT((A77-C3)/7)+I4,"")) -> 54 | C77: =C76-E77 -> 9569 | D77: =D76-F77 -> 661 | E77: 4 | F77: 0 | G77: =IF(A77="","",IFERROR(SUM(E$7:E77)/C4*100,"")) -> 1.864374 | H77: 5699 | I77: 5536 | J77: =IF(OR(A77="",H77="",H77=0),"",I77/H77*100) -> 97.139849 | K77: =IF(OR(A77="",C77="",C77=0),"",H77/C77*100) -> 59.556902 | L77: 67.2 | M77: 1671 | N77: 84 | O77: =IF(OR(A77="",C77="",C77=0),"",M77/C77*1000) -> 174.6264 | P77: =IF(OR(A77="",D77="",D77=0),"",N77/D77*1000) -> 127.08018 | Q77: 3282 | R77: =IF(OR(A77="",M77="",M77+N77=0),"",Q77/(M77+N77)) -> 1.8700855
A78: 46249 | B78: =IF(A78="","",IFERROR(INT((A78-C3)/7)+I4,"")) -> 54 | C78: =C77-E78 -> 9567 | D78: =D77-F78 -> 661 | E78: 2 | F78: 0 | G78: =IF(A78="","",IFERROR(SUM(E$7:E78)/C4*100,"")) -> 1.883694 | H78: 5838 | I78: 5628 | J78: =IF(OR(A78="",H78="",H78=0),"",I78/H78*100) -> 96.402878 | K78: =IF(OR(A78="",C78="",C78=0),"",H78/C78*100) -> 61.022264 | L78: 64.4 | M78: 1671 | N78: 84 | O78: =IF(OR(A78="",C78="",C78=0),"",M78/C78*1000) -> 174.6629 | P78: =IF(OR(A78="",D78="",D78=0),"",N78/D78*1000) -> 127.08018 | Q78: 3441 | R78: =IF(OR(A78="",M78="",M78+N78=0),"",Q78/(M78+N78)) -> 1.9606838
A79: 46250 | B79: =IF(A79="","",IFERROR(INT((A79-C3)/7)+I4,"")) -> 54 | C79: =C78-E79 -> 9566 | D79: =D78-F79 -> 659 | E79: 1 | F79: 2 | G79: =IF(A79="","",IFERROR(SUM(E$7:E79)/C4*100,"")) -> 1.8933539 | H79: 5670 | I79: 5498 | J79: =IF(OR(A79="",H79="",H79=0),"",I79/H79*100) -> 96.96649 | K79: =IF(OR(A79="",C79="",C79=0),"",H79/C79*100) -> 59.272423 | L79: 67.3 | M79: 1671 | N79: 84 | O79: =IF(OR(A79="",C79="",C79=0),"",M79/C79*1000) -> 174.68116 | P79: =IF(OR(A79="",D79="",D79=0),"",N79/D79*1000) -> 127.46586 | Q79: 3228 | R79: =IF(OR(A79="",M79="",M79+N79=0),"",Q79/(M79+N79)) -> 1.8393162
A80: 46251 | B80: =IF(A80="","",IFERROR(INT((A80-C3)/7)+I4,"")) -> 54 | C80: =C79-E80 -> 9560 | D80: =D79-F80 -> 658 | E80: 6 | F80: 1 | G80: =IF(A80="","",IFERROR(SUM(E$7:E80)/C4*100,"")) -> 1.9513138 | H80: 5911 | I80: 5738 | J80: =IF(OR(A80="",H80="",H80=0),"",I80/H80*100) -> 97.073253 | K80: =IF(OR(A80="",C80="",C80=0),"",H80/C80*100) -> 61.830544 | L80: 67.2 | M80: 1671 | N80: 84 | O80: =IF(OR(A80="",C80="",C80=0),"",M80/C80*1000) -> 174.79079 | P80: =IF(OR(A80="",D80="",D80=0),"",N80/D80*1000) -> 127.65957 | Q80: 3129 | R80: =IF(OR(A80="",M80="",M80+N80=0),"",Q80/(M80+N80)) -> 1.782906
A81: 46252 | B81: =IF(A81="","",IFERROR(INT((A81-C3)/7)+I4,"")) -> 54 | C81: =C80-E81 -> 9558 | D81: =D80-F81 -> 657 | E81: 2 | F81: 1 | G81: =IF(A81="","",IFERROR(SUM(E$7:E81)/C4*100,"")) -> 1.9706337 | H81: 5847 | I81: 5680 | J81: =IF(OR(A81="",H81="",H81=0),"",I81/H81*100) -> 97.143834 | K81: =IF(OR(A81="",C81="",C81=0),"",H81/C81*100) -> 61.173886 | L81: 67.2 | M81: 1671 | N81: 84 | O81: =IF(OR(A81="",C81="",C81=0),"",M81/C81*1000) -> 174.82737 | P81: =IF(OR(A81="",D81="",D81=0),"",N81/D81*1000) -> 127.85388 | Q81: 3234 | R81: =IF(OR(A81="",M81="",M81+N81=0),"",Q81/(M81+N81)) -> 1.842735
A82: 46253 | B82: =IF(A82="","",IFERROR(INT((A82-C3)/7)+I4,"")) -> 54 | C82: =C81-E82 -> 9554 | D82: =D81-F82 -> 656 | E82: 4 | F82: 1 | G82: =IF(A82="","",IFERROR(SUM(E$7:E82)/C4*100,"")) -> 2.0092736 | H82: 5878 | I82: 5702 | J82: =IF(OR(A82="",H82="",H82=0),"",I82/H82*100) -> 97.005784 | K82: =IF(OR(A82="",C82="",C82=0),"",H82/C82*100) -> 61.523969 | L82: 67.4 | M82: 1671 | N82: 84 | O82: =IF(OR(A82="",C82="",C82=0),"",M82/C82*1000) -> 174.90057 | P82: =IF(OR(A82="",D82="",D82=0),"",N82/D82*1000) -> 128.04878 | Q82: 3219 | R82: =IF(OR(A82="",M82="",M82+N82=0),"",Q82/(M82+N82)) -> 1.834188
A83: 46254 | B83: =IF(A83="","",IFERROR(INT((A83-C3)/7)+I4,"")) -> 54 | C83: =C82-E83 -> 9551 | D83: =D82-F83 -> 656 | E83: 3 | F83: 0 | G83: =IF(A83="","",IFERROR(SUM(E$7:E83)/C4*100,"")) -> 2.0382535 | H83: 5816 | I83: 5633 | J83: =IF(OR(A83="",H83="",H83=0),"",I83/H83*100) -> 96.853508 | K83: =IF(OR(A83="",C83="",C83=0),"",H83/C83*100) -> 60.894147 | L83: 67.5 | M83: 1671 | N83: 84 | O83: =IF(OR(A83="",C83="",C83=0),"",M83/C83*1000) -> 174.9555 | P83: =IF(OR(A83="",D83="",D83=0),"",N83/D83*1000) -> 128.04878 | Q83: 3116 | R83: =IF(OR(A83="",M83="",M83+N83=0),"",Q83/(M83+N83)) -> 1.7754986
A84: 46255 | B84: =IF(A84="","",IFERROR(INT((A84-C3)/7)+I4,"")) -> 55 | C84: =C83-E84 -> 9549 | D84: =D83-F84 -> 656 | E84: 2 | F84: 0 | G84: =IF(A84="","",IFERROR(SUM(E$7:E84)/C4*100,"")) -> 2.0575734 | H84: 5943 | I84: 5743 | J84: =IF(OR(A84="",H84="",H84=0),"",I84/H84*100) -> 96.634696 | K84: =IF(OR(A84="",C84="",C84=0),"",H84/C84*100) -> 62.236883 | L84: 6.5 | M84: 1671 | N84: 84 | O84: =IF(OR(A84="",C84="",C84=0),"",M84/C84*1000) -> 174.99215 | P84: =IF(OR(A84="",D84="",D84=0),"",N84/D84*1000) -> 128.04878 | Q84: 3380 | R84: =IF(OR(A84="",M84="",M84+N84=0),"",Q84/(M84+N84)) -> 1.9259259
A85: 46256 | B85: =IF(A85="","",IFERROR(INT((A85-C3)/7)+I4,"")) -> 55 | C85: =C84-E85 -> 9547 | D85: =D84-F85 -> 655 | E85: 2 | F85: 1 | G85: =IF(A85="","",IFERROR(SUM(E$7:E85)/C4*100,"")) -> 2.0768934 | H85: 5746 | I85: 5573 | J85: =IF(OR(A85="",H85="",H85=0),"",I85/H85*100) -> 96.98921 | K85: =IF(OR(A85="",C85="",C85=0),"",H85/C85*100) -> 60.186446 | L85: 67.8 | M85: 1671 | N85: 84 | O85: =IF(OR(A85="",C85="",C85=0),"",M85/C85*1000) -> 175.0288 | P85: =IF(OR(A85="",D85="",D85=0),"",N85/D85*1000) -> 128.24427 | Q85: 3226 | R85: =IF(OR(A85="",M85="",M85+N85=0),"",Q85/(M85+N85)) -> 1.8381766
A86: 46257 | B86: =IF(A86="","",IFERROR(INT((A86-C3)/7)+I4,"")) -> 55 | C86: =C85-E86 -> 9542 | D86: =D85-F86 -> 653 | E86: 5 | F86: 2 | G86: =IF(A86="","",IFERROR(SUM(E$7:E86)/C4*100,"")) -> 2.1251932 | H86: 5704 | I86: 5514 | J86: =IF(OR(A86="",H86="",H86=0),"",I86/H86*100) -> 96.669004 | K86: =IF(OR(A86="",C86="",C86=0),"",H86/C86*100) -> 59.777824 | L86: 68 | M86: 1660 | N86: 82 | O86: =IF(OR(A86="",C86="",C86=0),"",M86/C86*1000) -> 173.96772 | P86: =IF(OR(A86="",D86="",D86=0),"",N86/D86*1000) -> 125.57427 | Q86: 3140 | R86: =IF(OR(A86="",M86="",M86+N86=0),"",Q86/(M86+N86)) -> 1.8025258
A87: 46258 | B87: =IF(A87="","",IFERROR(INT((A87-C3)/7)+I4,"")) -> 55 | C87: =C86-E87 -> 9538 | D87: =D86-F87 -> 651 | E87: 4 | F87: 2 | G87: =IF(A87="","",IFERROR(SUM(E$7:E87)/C4*100,"")) -> 2.1638331 | H87: 5561 | I87: 5327 | J87: =IF(OR(A87="",H87="",H87=0),"",I87/H87*100) -> 95.792124 | K87: =IF(OR(A87="",C87="",C87=0),"",H87/C87*100) -> 58.303628 | L87: 68.3 | M87: 1660 | N87: 82 | O87: =IF(OR(A87="",C87="",C87=0),"",M87/C87*1000) -> 174.04068 | P87: =IF(OR(A87="",D87="",D87=0),"",N87/D87*1000) -> 125.96006 | Q87: 3160 | R87: =IF(OR(A87="",M87="",M87+N87=0),"",Q87/(M87+N87)) -> 1.8140069
A88: 46259 | B88: =IF(A88="","",IFERROR(INT((A88-C3)/7)+I4,"")) -> 55 | C88: =C87-E88 -> 9536 | D88: =D87-F88 -> 649 | E88: 2 | F88: 2 | G88: =IF(A88="","",IFERROR(SUM(E$7:E88)/C4*100,"")) -> 2.183153 | H88: 5716 | I88: 5508 | J88: =IF(OR(A88="",H88="",H88=0),"",I88/H88*100) -> 96.361092 | K88: =IF(OR(A88="",C88="",C88=0),"",H88/C88*100) -> 59.941275 | L88: 68.3 | M88: 1660 | N88: 82 | O88: =IF(OR(A88="",C88="",C88=0),"",M88/C88*1000) -> 174.07718 | P88: =IF(OR(A88="",D88="",D88=0),"",N88/D88*1000) -> 126.34823 | Q88: 3127 | R88: =IF(OR(A88="",M88="",M88+N88=0),"",Q88/(M88+N88)) -> 1.7950631
A89: 46260 | B89: =IF(A89="","",IFERROR(INT((A89-C3)/7)+I4,"")) -> 55 | C89: =C88-E89 -> 9535 | D89: =D88-F89 -> 645 | E89: 1 | F89: 4 | G89: =IF(A89="","",IFERROR(SUM(E$7:E89)/C4*100,"")) -> 2.192813 | H89: 5700 | I89: 5542 | J89: =IF(OR(A89="",H89="",H89=0),"",I89/H89*100) -> 97.22807 | K89: =IF(OR(A89="",C89="",C89=0),"",H89/C89*100) -> 59.779759 | L89: 67.5 | M89: 1600 | N89: 82 | O89: =IF(OR(A89="",C89="",C89=0),"",M89/C89*1000) -> 167.80283 | P89: =IF(OR(A89="",D89="",D89=0),"",N89/D89*1000) -> 127.13178 | Q89: 3130 | R89: =IF(OR(A89="",M89="",M89+N89=0),"",Q89/(M89+N89)) -> 1.8608799
A90: 46261 | B90: =IF(A90="","",IFERROR(INT((A90-C3)/7)+I4,"")) -> 55 | C90: =C89-E90 -> 9534 | D90: =D89-F90 -> 645 | E90: 1 | F90: 0 | G90: =IF(A90="","",IFERROR(SUM(E$7:E90)/C4*100,"")) -> 2.202473 | H90: 5702 | I90: 5478 | J90: =IF(OR(A90="",H90="",H90=0),"",I90/H90*100) -> 96.071554 | K90: =IF(OR(A90="",C90="",C90=0),"",H90/C90*100) -> 59.807007 | L90: 68.2 | M90: 1660 | N90: 82 | O90: =IF(OR(A90="",C90="",C90=0),"",M90/C90*1000) -> 174.1137 | P90: =IF(OR(A90="",D90="",D90=0),"",N90/D90*1000) -> 127.13178 | Q90: 3206 | R90: =IF(OR(A90="",M90="",M90+N90=0),"",Q90/(M90+N90)) -> 1.8404133
A91: 46262 | B91: =IF(A91="","",IFERROR(INT((A91-C3)/7)+I4,"")) -> 56 | C91: =C90-E91 -> 9530 | D91: =D90-F91 -> 643 | E91: 4 | F91: 2 | G91: =IF(A91="","",IFERROR(SUM(E$7:E91)/C4*100,"")) -> 2.2411128 | H91: 5693 | I91: 5504 | J91: =IF(OR(A91="",H91="",H91=0),"",I91/H91*100) -> 96.680133 | K91: =IF(OR(A91="",C91="",C91=0),"",H91/C91*100) -> 59.737671 | L91: 68.3 | M91: 1660 | N91: 82 | O91: =IF(OR(A91="",C91="",C91=0),"",M91/C91*1000) -> 174.18678 | P91: =IF(OR(A91="",D91="",D91=0),"",N91/D91*1000) -> 127.52722 | Q91: 327 | R91: =IF(OR(A91="",M91="",M91+N91=0),"",Q91/(M91+N91)) -> 0.18771527
A92: 46263 | B92: =IF(A92="","",IFERROR(INT((A92-C3)/7)+I4,"")) -> 56 | C92: =C91-E92 -> 9528 | D92: =D91-F92 -> 639 | E92: 2 | F92: 4 | G92: =IF(A92="","",IFERROR(SUM(E$7:E92)/C4*100,"")) -> 2.2604328 | H92: 5668 | I92: 5487 | J92: =IF(OR(A92="",H92="",H92=0),"",I92/H92*100) -> 96.806634 | K92: =IF(OR(A92="",C92="",C92=0),"",H92/C92*100) -> 59.487825 | L92: 68.2 | M92: 1660 | N92: 82 | O92: =IF(OR(A92="",C92="",C92=0),"",M92/C92*1000) -> 174.22334 | P92: =IF(OR(A92="",D92="",D92=0),"",N92/D92*1000) -> 128.32551 | Q92: 3242 | R92: =IF(OR(A92="",M92="",M92+N92=0),"",Q92/(M92+N92)) -> 1.8610792
A93: 46264 | B93: =IF(A93="","",IFERROR(INT((A93-C3)/7)+I4,"")) -> 56 | C93: =C92-E93 -> 9524 | D93: =D92-F93 -> 638 | E93: 4 | F93: 1 | G93: =IF(A93="","",IFERROR(SUM(E$7:E93)/C4*100,"")) -> 2.2990726 | J93: =IF(OR(A93="",H93="",H93=0),"",I93/H93*100) | K93: =IF(OR(A93="",C93="",C93=0),"",H93/C93*100) -> 0 | O93: =IF(OR(A93="",C93="",C93=0),"",M93/C93*1000) -> 0 | P93: =IF(OR(A93="",D93="",D93=0),"",N93/D93*1000) -> 0 | R93: =IF(OR(A93="",M93="",M93+N93=0),"",Q93/(M93+N93))
A94: 46265 | B94: =IF(A94="","",IFERROR(INT((A94-C3)/7)+I4,"")) -> 56 | C94: =C93-E94 -> 9524 | D94: =D93-F94 -> 638 | G94: =IF(A94="","",IFERROR(SUM(E$7:E94)/C4*100,"")) -> 2.2990726 | J94: =IF(OR(A94="",H94="",H94=0),"",I94/H94*100) | K94: =IF(OR(A94="",C94="",C94=0),"",H94/C94*100) -> 0 | O94: =IF(OR(A94="",C94="",C94=0),"",M94/C94*1000) -> 0 | P94: =IF(OR(A94="",D94="",D94=0),"",N94/D94*1000) -> 0 | R94: =IF(OR(A94="",M94="",M94+N94=0),"",Q94/(M94+N94))
A95: 46266 | B95: =IF(A95="","",IFERROR(INT((A95-C3)/7)+I4,"")) -> 56 | C95: =C94-E95 -> 9524 | D95: =D94-F95 -> 638 | G95: =IF(A95="","",IFERROR(SUM(E$7:E95)/C4*100,"")) -> 2.2990726 | J95: =IF(OR(A95="",H95="",H95=0),"",I95/H95*100) | K95: =IF(OR(A95="",C95="",C95=0),"",H95/C95*100) -> 0 | O95: =IF(OR(A95="",C95="",C95=0),"",M95/C95*1000) -> 0 | P95: =IF(OR(A95="",D95="",D95=0),"",N95/D95*1000) -> 0 | R95: =IF(OR(A95="",M95="",M95+N95=0),"",Q95/(M95+N95))
A96: 46267 | B96: =IF(A96="","",IFERROR(INT((A96-C3)/7)+I4,"")) -> 56 | C96: =C95-E96 -> 9524 | D96: =D95-F96 -> 638 | G96: =IF(A96="","",IFERROR(SUM(E$7:E96)/C4*100,"")) -> 2.2990726 | J96: =IF(OR(A96="",H96="",H96=0),"",I96/H96*100) | K96: =IF(OR(A96="",C96="",C96=0),"",H96/C96*100) -> 0 | O96: =IF(OR(A96="",C96="",C96=0),"",M96/C96*1000) -> 0 | P96: =IF(OR(A96="",D96="",D96=0),"",N96/D96*1000) -> 0 | R96: =IF(OR(A96="",M96="",M96+N96=0),"",Q96/(M96+N96))
A97: 46268 | B97: =IF(A97="","",IFERROR(INT((A97-C3)/7)+I4,"")) -> 56 | C97: =C96-E97 -> 9524 | D97: =D96-F97 -> 638 | G97: =IF(A97="","",IFERROR(SUM(E$7:E97)/C4*100,"")) -> 2.2990726 | J97: =IF(OR(A97="",H97="",H97=0),"",I97/H97*100) | K97: =IF(OR(A97="",C97="",C97=0),"",H97/C97*100) -> 0 | O97: =IF(OR(A97="",C97="",C97=0),"",M97/C97*1000) -> 0 | P97: =IF(OR(A97="",D97="",D97=0),"",N97/D97*1000) -> 0 | R97: =IF(OR(A97="",M97="",M97+N97=0),"",Q97/(M97+N97))
A98: 46269 | B98: =IF(A98="","",IFERROR(INT((A98-C3)/7)+I4,"")) -> 57 | C98: =C97-E98 -> 9524 | D98: =D97-F98 -> 638 | G98: =IF(A98="","",IFERROR(SUM(E$7:E98)/C4*100,"")) -> 2.2990726 | J98: =IF(OR(A98="",H98="",H98=0),"",I98/H98*100) | K98: =IF(OR(A98="",C98="",C98=0),"",H98/C98*100) -> 0 | O98: =IF(OR(A98="",C98="",C98=0),"",M98/C98*1000) -> 0 | P98: =IF(OR(A98="",D98="",D98=0),"",N98/D98*1000) -> 0 | R98: =IF(OR(A98="",M98="",M98+N98=0),"",Q98/(M98+N98))
A99: 46270 | B99: =IF(A99="","",IFERROR(INT((A99-C3)/7)+I4,"")) -> 57 | C99: =C98-E99 -> 9524 | D99: =D98-F99 -> 638 | G99: =IF(A99="","",IFERROR(SUM(E$7:E99)/C4*100,"")) -> 2.2990726 | J99: =IF(OR(A99="",H99="",H99=0),"",I99/H99*100) | K99: =IF(OR(A99="",C99="",C99=0),"",H99/C99*100) -> 0 | O99: =IF(OR(A99="",C99="",C99=0),"",M99/C99*1000) -> 0 | P99: =IF(OR(A99="",D99="",D99=0),"",N99/D99*1000) -> 0 | R99: =IF(OR(A99="",M99="",M99+N99=0),"",Q99/(M99+N99))
A100: 46271 | B100: =IF(A100="","",IFERROR(INT((A100-C3)/7)+I4,"")) -> 57 | C100: =C99-E100 -> 9524 | D100: =D99-F100 -> 638 | G100: =IF(A100="","",IFERROR(SUM(E$7:E100)/C4*100,"")) -> 2.2990726 | J100: =IF(OR(A100="",H100="",H100=0),"",I100/H100*100) | K100: =IF(OR(A100="",C100="",C100=0),"",H100/C100*100) -> 0 | O100: =IF(OR(A100="",C100="",C100=0),"",M100/C100*1000) -> 0 | P100: =IF(OR(A100="",D100="",D100=0),"",N100/D100*1000) -> 0 | R100: =IF(OR(A100="",M100="",M100+N100=0),"",Q100/(M100+N100))
A101: 46272 | B101: =IF(A101="","",IFERROR(INT((A101-C3)/7)+I4,"")) -> 57 | C101: =C100-E101 -> 9524 | D101: =D100-F101 -> 638 | G101: =IF(A101="","",IFERROR(SUM(E$7:E101)/C4*100,"")) -> 2.2990726 | J101: =IF(OR(A101="",H101="",H101=0),"",I101/H101*100) | K101: =IF(OR(A101="",C101="",C101=0),"",H101/C101*100) -> 0 | O101: =IF(OR(A101="",C101="",C101=0),"",M101/C101*1000) -> 0 | P101: =IF(OR(A101="",D101="",D101=0),"",N101/D101*1000) -> 0 | R101: =IF(OR(A101="",M101="",M101+N101=0),"",Q101/(M101+N101))
...

Sheet Dzienne 2
A1: Nazwa stada: | C1: Ferma za Lakiem K2
A2: Linia genetyczna: | C2: Ross 308
A3: Data wstawienia: | C3: 45870
A4: Kury wstawione: | C4: 10352 | E4: Koguty wstawione: | G4: 1102 | H4: Wiek wstaw. (tyg): | I4: 0
A6: Data | B6: Tyg.życia | C6: Kury żywe | D6: Koguty żywe | E6: Upadki kury | F6: Upadki koguty | G6: Upadki %kum. | H6: Jaja ogółem | I6: Jaja wylęg. | J6: % jaj wylęg. | K6: % nieśności | L6: Waga jaja(g) | M6: Pasza kury(kg) | N6: Pasza kog.(kg) | O6: Dawka kura(g) | P6: Dawka kog.(g) | Q6: Woda(l) | R6: Woda:Pasza | S6: Temp.kurnik°C | T6: Temp.magaz.jaj°C | U6: Waga kury(g) | V6: Waga kog.(g) | W6: Suplement./Leczenie | X6: Notatki wet.
A7: 46178 | B7: =IF(A7="","",IFERROR(INT((A7-C3)/7)+I4,"")) -> 44 | C7: 9999 | D7: 866 | E7: 1 | G7: =IF(A7="","",IFERROR(SUM(E$7:E7)/C4*100,"")) -> 0.0096599691 | H7: 7076 | I7: 6955 | J7: =IF(OR(A7="",H7="",H7=0),"",I7/H7*100) -> 98.289994 | K7: =IF(OR(A7="",C7="",C7=0),"",H7/C7*100) -> 70.767077 | L7: 66.3 | M7: 1630 | N7: 82 | O7: =IF(OR(A7="",C7="",C7=0),"",M7/C7*1000) -> 163.0163 | P7: =IF(OR(A7="",D7="",D7=0),"",N7/D7*1000) -> 94.688222 | Q7: 3576 | R7: =IF(OR(A7="",M7="",M7+N7=0),"",Q7/(M7+N7)) -> 2.088785
A8: 46179 | B8: =IF(A8="","",IFERROR(INT((A8-C3)/7)+I4,"")) -> 44 | C8: 9994 | D8: 863 | E8: 5 | F8: 3 | G8: =IF(A8="","",IFERROR(SUM(E$7:E8)/C4*100,"")) -> 0.057959815 | H8: 7050 | I8: 6875 | J8: =IF(OR(A8="",H8="",H8=0),"",I8/H8*100) -> 97.51773 | K8: =IF(OR(A8="",C8="",C8=0),"",H8/C8*100) -> 70.542325 | L8: 66.4 | M8: 1630 | N8: 82 | O8: =IF(OR(A8="",C8="",C8=0),"",M8/C8*1000) -> 163.09786 | P8: =IF(OR(A8="",D8="",D8=0),"",N8/D8*1000) -> 95.017381 | Q8: 3492 | R8: =IF(OR(A8="",M8="",M8+N8=0),"",Q8/(M8+N8)) -> 2.0397196
A9: 46180 | B9: =IF(A9="","",IFERROR(INT((A9-C3)/7)+I4,"")) -> 44 | C9: 9988 | D9: 860 | E9: 6 | F9: 3 | G9: =IF(A9="","",IFERROR(SUM(E$7:E9)/C4*100,"")) -> 0.11591963 | H9: 6976 | I9: 6787 | J9: =IF(OR(A9="",H9="",H9=0),"",I9/H9*100) -> 97.290711 | K9: =IF(OR(A9="",C9="",C9=0),"",H9/C9*100) -> 69.843813 | L9: 66.4 | M9: 1629 | N9: 82 | O9: =IF(OR(A9="",C9="",C9=0),"",M9/C9*1000) -> 163.09571 | P9: =IF(OR(A9="",D9="",D9=0),"",N9/D9*1000) -> 95.348837 | Q9: 3395 | R9: =IF(OR(A9="",M9="",M9+N9=0),"",Q9/(M9+N9)) -> 1.9842198
A10: 46181 | B10: =IF(A10="","",IFERROR(INT((A10-C3)/7)+I4,"")) -> 44 | C10: 9985 | D10: 858 | E10: 3 | F10: 2 | G10: =IF(A10="","",IFERROR(SUM(E$7:E10)/C4*100,"")) -> 0.14489954 | H10: 7050 | I10: 6927 | J10: =IF(OR(A10="",H10="",H10=0),"",I10/H10*100) -> 98.255319 | K10: =IF(OR(A10="",C10="",C10=0),"",H10/C10*100) -> 70.605909 | L10: 66.4 | M10: 1628 | N10: 82 | O10: =IF(OR(A10="",C10="",C10=0),"",M10/C10*1000) -> 163.04457 | P10: =IF(OR(A10="",D10="",D10=0),"",N10/D10*1000) -> 95.571096 | Q10: 3464 | R10: =IF(OR(A10="",M10="",M10+N10=0),"",Q10/(M10+N10)) -> 2.025731
A11: 46182 | B11: =IF(A11="","",IFERROR(INT((A11-C3)/7)+I4,"")) -> 44 | C11: 9983 | D11: 857 | E11: 2 | F11: 1 | G11: =IF(A11="","",IFERROR(SUM(E$7:E11)/C4*100,"")) -> 0.16421947 | H11: 7052 | I11: 6915 | J11: =IF(OR(A11="",H11="",H11=0),"",I11/H11*100) -> 98.057289 | K11: =IF(OR(A11="",C11="",C11=0),"",H11/C11*100) -> 70.640088 | L11: 66.3 | M11: 1628 | N11: 82 | O11: =IF(OR(A11="",C11="",C11=0),"",M11/C11*1000) -> 163.07723 | P11: =IF(OR(A11="",D11="",D11=0),"",N11/D11*1000) -> 95.682614 | Q11: 3690 | R11: =IF(OR(A11="",M11="",M11+N11=0),"",Q11/(M11+N11)) -> 2.1578947
A12: 46183 | B12: =IF(A12="","",IFERROR(INT((A12-C3)/7)+I4,"")) -> 44 | C12: 9976 | D12: 828 | E12: 7 | F12: 29 | G12: =IF(A12="","",IFERROR(SUM(E$7:E12)/C4*100,"")) -> 0.23183926 | H12: 7021 | I12: 6908 | J12: =IF(OR(A12="",H12="",H12=0),"",I12/H12*100) -> 98.390543 | K12: =IF(OR(A12="",C12="",C12=0),"",H12/C12*100) -> 70.378909 | L12: 66.3 | M12: 1628 | N12: 82 | O12: =IF(OR(A12="",C12="",C12=0),"",M12/C12*1000) -> 163.19166 | P12: =IF(OR(A12="",D12="",D12=0),"",N12/D12*1000) -> 99.033816 | Q12: 3504 | R12: =IF(OR(A12="",M12="",M12+N12=0),"",Q12/(M12+N12)) -> 2.0491228 | W12: AviD3 1l + Avimin 1l+ Avihepasilimerin 2l (W CIĄGŁYM PIVIU DAWKA NA 1000LITRÓW WODY)
A13: 46184 | B13: =IF(A13="","",IFERROR(INT((A13-C3)/7)+I4,"")) -> 44 | C13: 9976 | D13: 827 | F13: 1 | G13: =IF(A13="","",IFERROR(SUM(E$7:E13)/C4*100,"")) -> 0.23183926 | H13: 6940 | I13: 6800 | J13: =IF(OR(A13="",H13="",H13=0),"",I13/H13*100) -> 97.982709 | K13: =IF(OR(A13="",C13="",C13=0),"",H13/C13*100) -> 69.566961 | L13: 66.5 | M13: 1628 | N13: 82 | O13: =IF(OR(A13="",C13="",C13=0),"",M13/C13*1000) -> 163.19166 | P13: =IF(OR(A13="",D13="",D13=0),"",N13/D13*1000) -> 99.153567 | Q13: 3284 | R13: =IF(OR(A13="",M13="",M13+N13=0),"",Q13/(M13+N13)) -> 1.9204678 | U13: 4185 | V13: 4585 | W13: AviD3 1l + Avimin 1l+ Avihepasilimerin 2l (W CIĄGŁYM PIVIU DAWKA NA 1000LITRÓW WODY)
A14: 46185 | B14: =IF(A14="","",IFERROR(INT((A14-C3)/7)+I4,"")) -> 45 | C14: 9974 | D14: 827 | E14: 2 | G14: =IF(A14="","",IFERROR(SUM(E$7:E14)/C4*100,"")) -> 0.2511592 | H14: 6900 | I14: 6760 | J14: =IF(OR(A14="",H14="",H14=0),"",I14/H14*100) -> 97.971014 | K14: =IF(OR(A14="",C14="",C14=0),"",H14/C14*100) -> 69.179868 | L14: 66.6 | M14: 1626 | N14: 78 | O14: =IF(OR(A14="",C14="",C14=0),"",M14/C14*1000) -> 163.02386 | P14: =IF(OR(A14="",D14="",D14=0),"",N14/D14*1000) -> 94.316808 | Q14: 3467 | R14: =IF(OR(A14="",M14="",M14+N14=0),"",Q14/(M14+N14)) -> 2.0346244 | W14: AviD3 1l + Avimin 1l+ Avihepasilimerin 2l (W CIĄGŁYM PIVIU DAWKA NA 1000LITRÓW WODY)
A15: 46186 | B15: =IF(A15="","",IFERROR(INT((A15-C3)/7)+I4,"")) -> 45 | C15: 9969 | D15: 825 | E15: 5 | F15: 2 | G15: =IF(A15="","",IFERROR(SUM(E$7:E15)/C4*100,"")) -> 0.29945904 | H15: 6820 | I15: 6676 | J15: =IF(OR(A15="",H15="",H15=0),"",I15/H15*100) -> 97.888563 | K15: =IF(OR(A15="",C15="",C15=0),"",H15/C15*100) -> 68.412077 | L15: 66.5 | M15: 1626 | N15: 78 | O15: =IF(OR(A15="",C15="",C15=0),"",M15/C15*1000) -> 163.10563 | P15: =IF(OR(A15="",D15="",D15=0),"",N15/D15*1000) -> 94.545455 | Q15: 3392 | R15: =IF(OR(A15="",M15="",M15+N15=0),"",Q15/(M15+N15)) -> 1.9906103 | W15: AviD3 1l + Avimin 1l+ Avihepasilimerin 2l (W CIĄGŁYM PIVIU DAWKA NA 1000LITRÓW WODY)
A16: 46187 | B16: =IF(A16="","",IFERROR(INT((A16-C3)/7)+I4,"")) -> 45 | C16: 9967 | D16: 825 | E16: 2 | G16: =IF(A16="","",IFERROR(SUM(E$7:E16)/C4*100,"")) -> 0.31877898 | H16: 7007 | I16: 6853 | J16: =IF(OR(A16="",H16="",H16=0),"",I16/H16*100) -> 97.802198 | K16: =IF(OR(A16="",C16="",C16=0),"",H16/C16*100) -> 70.301997 | L16: 66.7 | M16: 1626 | N16: 78 | O16: =IF(OR(A16="",C16="",C16=0),"",M16/C16*1000) -> 163.13836 | P16: =IF(OR(A16="",D16="",D16=0),"",N16/D16*1000) -> 94.545455 | Q16: 3278 | R16: =IF(OR(A16="",M16="",M16+N16=0),"",Q16/(M16+N16)) -> 1.9237089 | W16: AviD3 1l + Avimin 1l+ Avihepasilimerin 2l (W CIĄGŁYM PIVIU DAWKA NA 1000LITRÓW WODY)
A17: 46188 | B17: =IF(A17="","",IFERROR(INT((A17-C3)/7)+I4,"")) -> 45 | C17: 9965 | D17: 825 | E17: 2 | G17: =IF(A17="","",IFERROR(SUM(E$7:E17)/C4*100,"")) -> 0.33809892 | H17: 6921 | I17: 6785 | J17: =IF(OR(A17="",H17="",H17=0),"",I17/H17*100) -> 98.034966 | K17: =IF(OR(A17="",C17="",C17=0),"",H17/C17*100) -> 69.453086 | L17: 66.6 | M17: 1626 | N17: 78 | O17: =IF(OR(A17="",C17="",C17=0),"",M17/C17*1000) -> 163.1711 | P17: =IF(OR(A17="",D17="",D17=0),"",N17/D17*1000) -> 94.545455 | Q17: 3390 | R17: =IF(OR(A17="",M17="",M17+N17=0),"",Q17/(M17+N17)) -> 1.9894366
A18: 46189 | B18: =IF(A18="","",IFERROR(INT((A18-C3)/7)+I4,"")) -> 45 | C18: 9959 | D18: 822 | E18: 6 | F18: 3 | G18: =IF(A18="","",IFERROR(SUM(E$7:E18)/C4*100,"")) -> 0.39605873 | H18: 6890 | I18: 6751 | J18: =IF(OR(A18="",H18="",H18=0),"",I18/H18*100) -> 97.982583 | K18: =IF(OR(A18="",C18="",C18=0),"",H18/C18*100) -> 69.183653 | L18: 66.5 | M18: 1626 | N18: 78 | O18: =IF(OR(A18="",C18="",C18=0),"",M18/C18*1000) -> 163.2694 | P18: =IF(OR(A18="",D18="",D18=0),"",N18/D18*1000) -> 94.890511 | Q18: 3476 | R18: =IF(OR(A18="",M18="",M18+N18=0),"",Q18/(M18+N18)) -> 2.0399061
A19: 46190 | B19: =IF(A19="","",IFERROR(INT((A19-C3)/7)+I4,"")) -> 45 | C19: 9953 | D19: 819 | E19: 6 | F19: 3 | G19: =IF(A19="","",IFERROR(SUM(E$7:E19)/C4*100,"")) -> 0.45401855 | H19: 6834 | I19: 6689 | J19: =IF(OR(A19="",H19="",H19=0),"",I19/H19*100) -> 97.878256 | K19: =IF(OR(A19="",C19="",C19=0),"",H19/C19*100) -> 68.662715 | L19: 66.5 | M19: 1626 | N19: 78 | O19: =IF(OR(A19="",C19="",C19=0),"",M19/C19*1000) -> 163.36783 | P19: =IF(OR(A19="",D19="",D19=0),"",N19/D19*1000) -> 95.238095 | Q19: 3495 | R19: =IF(OR(A19="",M19="",M19+N19=0),"",Q19/(M19+N19)) -> 2.0510563
A20: 46191 | B20: =IF(A20="","",IFERROR(INT((A20-C3)/7)+I4,"")) -> 45 | C20: 9950 | D20: 818 | E20: 3 | F20: 1 | G20: =IF(A20="","",IFERROR(SUM(E$7:E20)/C4*100,"")) -> 0.48299845 | H20: 6839 | I20: 6685 | J20: =IF(OR(A20="",H20="",H20=0),"",I20/H20*100) -> 97.748209 | K20: =IF(OR(A20="",C20="",C20=0),"",H20/C20*100) -> 68.733668 | L20: 66.5 | M20: 1626 | N20: 78 | O20: =IF(OR(A20="",C20="",C20=0),"",M20/C20*1000) -> 163.41709 | P20: =IF(OR(A20="",D20="",D20=0),"",N20/D20*1000) -> 95.354523 | Q20: 3522 | R20: =IF(OR(A20="",M20="",M20+N20=0),"",Q20/(M20+N20)) -> 2.0669014 | U20: 4374 | V20: 4449
A21: 46192 | B21: =IF(A21="","",IFERROR(INT((A21-C3)/7)+I4,"")) -> 46 | C21: 9942 | D21: 816 | E21: 8 | F21: 2 | G21: =IF(A21="","",IFERROR(SUM(E$7:E21)/C4*100,"")) -> 0.56027821 | H21: 6869 | I21: 6720 | J21: =IF(OR(A21="",H21="",H21=0),"",I21/H21*100) -> 97.830834 | K21: =IF(OR(A21="",C21="",C21=0),"",H21/C21*100) -> 69.090726 | L21: 66.5 | M21: 1602 | N21: 86 | O21: =IF(OR(A21="",C21="",C21=0),"",M21/C21*1000) -> 161.13458 | P21: =IF(OR(A21="",D21="",D21=0),"",N21/D21*1000) -> 105.39216 | Q21: 3594 | R21: =IF(OR(A21="",M21="",M21+N21=0),"",Q21/(M21+N21)) -> 2.1291469
A22: 46193 | B22: =IF(A22="","",IFERROR(INT((A22-C3)/7)+I4,"")) -> 46 | C22: 9936 | D22: 815 | E22: 6 | F22: 1 | G22: =IF(A22="","",IFERROR(SUM(E$7:E22)/C4*100,"")) -> 0.61823802 | H22: 6725 | I22: 6569 | J22: =IF(OR(A22="",H22="",H22=0),"",I22/H22*100) -> 97.680297 | K22: =IF(OR(A22="",C22="",C22=0),"",H22/C22*100) -> 67.683172 | L22: 66.4 | M22: 1600 | N22: 86 | O22: =IF(OR(A22="",C22="",C22=0),"",M22/C22*1000) -> 161.0306 | P22: =IF(OR(A22="",D22="",D22=0),"",N22/D22*1000) -> 105.52147 | Q22: 3588 | R22: =IF(OR(A22="",M22="",M22+N22=0),"",Q22/(M22+N22)) -> 2.1281139
A23: 46194 | B23: =IF(A23="","",IFERROR(INT((A23-C3)/7)+I4,"")) -> 46 | C23: 9934 | D23: 814 | E23: 2 | F23: 1 | G23: =IF(A23="","",IFERROR(SUM(E$7:E23)/C4*100,"")) -> 0.63755796 | H23: 6834 | I23: 6719 | J23: =IF(OR(A23="",H23="",H23=0),"",I23/H23*100) -> 98.317237 | K23: =IF(OR(A23="",C23="",C23=0),"",H23/C23*100) -> 68.794041 | L23: 66.6 | M23: 1600 | N23: 86 | O23: =IF(OR(A23="",C23="",C23=0),"",M23/C23*1000) -> 161.06302 | P23: =IF(OR(A23="",D23="",D23=0),"",N23/D23*1000) -> 105.65111 | Q23: 3233 | R23: =IF(OR(A23="",M23="",M23+N23=0),"",Q23/(M23+N23)) -> 1.9175563
A24: 46195 | B24: =IF(A24="","",IFERROR(INT((A24-C3)/7)+I4,"")) -> 46 | C24: 9930 | D24: 813 | E24: 4 | F24: 1 | G24: =IF(A24="","",IFERROR(SUM(E$7:E24)/C4*100,"")) -> 0.67619784 | H24: 6887 | I24: 6750 | J24: =IF(OR(A24="",H24="",H24=0),"",I24/H24*100) -> 98.010745 | K24: =IF(OR(A24="",C24="",C24=0),"",H24/C24*100) -> 69.355488 | L24: 66.6 | M24: 1600 | N24: 105 | O24: =IF(OR(A24="",C24="",C24=0),"",M24/C24*1000) -> 161.1279 | P24: =IF(OR(A24="",D24="",D24=0),"",N24/D24*1000) -> 129.15129 | Q24: 3051 | R24: =IF(OR(A24="",M24="",M24+N24=0),"",Q24/(M24+N24)) -> 1.7894428
A25: 46196 | B25: =IF(A25="","",IFERROR(INT((A25-C3)/7)+I4,"")) -> 46 | C25: 9928 | D25: 812 | E25: 2 | F25: 1 | G25: =IF(A25="","",IFERROR(SUM(E$7:E25)/C4*100,"")) -> 0.69551777 | H25: 6706 | I25: 6528 | J25: =IF(OR(A25="",H25="",H25=0),"",I25/H25*100) -> 97.345661 | K25: =IF(OR(A25="",C25="",C25=0),"",H25/C25*100) -> 67.546334 | L25: 66.7 | M25: 1600 | N25: 105 | O25: =IF(OR(A25="",C25="",C25=0),"",M25/C25*1000) -> 161.16035 | P25: =IF(OR(A25="",D25="",D25=0),"",N25/D25*1000) -> 129.31034 | Q25: 3223 | R25: =IF(OR(A25="",M25="",M25+N25=0),"",Q25/(M25+N25)) -> 1.8903226
A26: 46197 | B26: =IF(A26="","",IFERROR(INT((A26-C3)/7)+I4,"")) -> 46 | C26: 9926 | D26: 812 | E26: 2 | G26: =IF(A26="","",IFERROR(SUM(E$7:E26)/C4*100,"")) -> 0.71483771 | H26: 6860 | I26: 6722 | J26: =IF(OR(A26="",H26="",H26=0),"",I26/H26*100) -> 97.988338 | K26: =IF(OR(A26="",C26="",C26=0),"",H26/C26*100) -> 69.111425 | L26: 66.7 | M26: 1600 | N26: 105 | O26: =IF(OR(A26="",C26="",C26=0),"",M26/C26*1000) -> 161.19283 | P26: =IF(OR(A26="",D26="",D26=0),"",N26/D26*1000) -> 129.31034 | Q26: 3469 | R26: =IF(OR(A26="",M26="",M26+N26=0),"",Q26/(M26+N26)) -> 2.0346041
A27: 46198 | B27: =IF(A27="","",IFERROR(INT((A27-C3)/7)+I4,"")) -> 46 | C27: 9923 | D27: 811 | E27: 3 | F27: 1 | G27: =IF(A27="","",IFERROR(SUM(E$7:E27)/C4*100,"")) -> 0.74381762 | H27: 6630 | I27: 6511 | J27: =IF(OR(A27="",H27="",H27=0),"",I27/H27*100) -> 98.205128 | K27: =IF(OR(A27="",C27="",C27=0),"",H27/C27*100) -> 66.814471 | L27: 66.7 | M27: 1600 | N27: 105 | O27: =IF(OR(A27="",C27="",C27=0),"",M27/C27*1000) -> 161.24156 | P27: =IF(OR(A27="",D27="",D27=0),"",N27/D27*1000) -> 129.46979 | Q27: 3803 | R27: =IF(OR(A27="",M27="",M27+N27=0),"",Q27/(M27+N27)) -> 2.2304985 | U27: 4330 | V27: 4587
A28: 46199 | B28: =IF(A28="","",IFERROR(INT((A28-C3)/7)+I4,"")) -> 47 | C28: 9921 | D28: 811 | E28: 2 | G28: =IF(A28="","",IFERROR(SUM(E$7:E28)/C4*100,"")) -> 0.76313756 | H28: 6387 | I28: 6256 | J28: =IF(OR(A28="",H28="",H28=0),"",I28/H28*100) -> 97.948959 | K28: =IF(OR(A28="",C28="",C28=0),"",H28/C28*100) -> 64.378591 | L28: 66.6 | M28: 1598 | N28: 103 | O28: =IF(OR(A28="",C28="",C28=0),"",M28/C28*1000) -> 161.07247 | P28: =IF(OR(A28="",D28="",D28=0),"",N28/D28*1000) -> 127.0037 | Q28: 3604 | R28: =IF(OR(A28="",M28="",M28+N28=0),"",Q28/(M28+N28)) -> 2.1187537 | W28: Avizotonic 2l + Respiro 0,5l / 20l wody x 2
A29: 46200 | B29: =IF(A29="","",IFERROR(INT((A29-C3)/7)+I4,"")) -> 47 | C29: 9918 | D29: 811 | E29: 3 | G29: =IF(A29="","",IFERROR(SUM(E$7:E29)/C4*100,"")) -> 0.79211747 | H29: 6569 | I29: 6458 | J29: =IF(OR(A29="",H29="",H29=0),"",I29/H29*100) -> 98.310245 | K29: =IF(OR(A29="",C29="",C29=0),"",H29/C29*100) -> 66.233112 | L29: 66.8 | M29: 1598 | N29: 103 | O29: =IF(OR(A29="",C29="",C29=0),"",M29/C29*1000) -> 161.12119 | P29: =IF(OR(A29="",D29="",D29=0),"",N29/D29*1000) -> 127.0037 | Q29: 4014 | R29: =IF(OR(A29="",M29="",M29+N29=0),"",Q29/(M29+N29)) -> 2.3597884 | W29: Avizotonic 2l + Respiro 0,5l / 20l wody x 2
A30: 46201 | B30: =IF(A30="","",IFERROR(INT((A30-C3)/7)+I4,"")) -> 47 | C30: 9917 | D30: 810 | E30: 1 | F30: 1 | G30: =IF(A30="","",IFERROR(SUM(E$7:E30)/C4*100,"")) -> 0.80177743 | H30: 6684 | I30: 6574 | J30: =IF(OR(A30="",H30="",H30=0),"",I30/H30*100) -> 98.354279 | K30: =IF(OR(A30="",C30="",C30=0),"",H30/C30*100) -> 67.399415 | L30: 66.8 | M30: 1598 | N30: 103 | O30: =IF(OR(A30="",C30="",C30=0),"",M30/C30*1000) -> 161.13744 | P30: =IF(OR(A30="",D30="",D30=0),"",N30/D30*1000) -> 127.16049 | Q30: 4098 | R30: =IF(OR(A30="",M30="",M30+N30=0),"",Q30/(M30+N30)) -> 2.4091711 | W30: Avizotonic 2l + Respiro 0,5l / 20l wody x 2
A31: 46202 | B31: =IF(A31="","",IFERROR(INT((A31-C3)/7)+I4,"")) -> 47 | C31: 9902 | D31: 805 | E31: 15 | F31: 5 | G31: =IF(A31="","",IFERROR(SUM(E$7:E31)/C4*100,"")) -> 0.94667697 | H31: 6371 | I31: 6238 | J31: =IF(OR(A31="",H31="",H31=0),"",I31/H31*100) -> 97.912416 | K31: =IF(OR(A31="",C31="",C31=0),"",H31/C31*100) -> 64.340537 | L31: 67 | M31: 1594 | N31: 103 | O31: =IF(OR(A31="",C31="",C31=0),"",M31/C31*1000) -> 160.97758 | P31: =IF(OR(A31="",D31="",D31=0),"",N31/D31*1000) -> 127.95031 | Q31: 4201 | R31: =IF(OR(A31="",M31="",M31+N31=0),"",Q31/(M31+N31)) -> 2.4755451 | W31: Avizotonic 2l + Respiro 0,5l / 20l wody x 2
A32: 46203 | B32: =IF(A32="","",IFERROR(INT((A32-C3)/7)+I4,"")) -> 47 | C32: 9896 | D32: 803 | E32: 6 | F32: 2 | G32: =IF(A32="","",IFERROR(SUM(E$7:E32)/C4*100,"")) -> 1.0046368 | H32: 6123 | I32: 6009 | J32: =IF(OR(A32="",H32="",H32=0),"",I32/H32*100) -> 98.138168 | K32: =IF(OR(A32="",C32="",C32=0),"",H32/C32*100) -> 61.873484 | L32: 67 | M32: 1594 | N32: 103 | O32: =IF(OR(A32="",C32="",C32=0),"",M32/C32*1000) -> 161.07518 | P32: =IF(OR(A32="",D32="",D32=0),"",N32/D32*1000) -> 128.26899 | Q32: 3410 | R32: =IF(OR(A32="",M32="",M32+N32=0),"",Q32/(M32+N32)) -> 2.0094284 | W32: Avizotonic 2l + Respiro 0,5l / 20l wody x 2
A33: 46204 | B33: =IF(A33="","",IFERROR(INT((A33-C3)/7)+I4,"")) -> 47 | C33: 9887 | D33: 800 | E33: 9 | F33: 3 | G33: =IF(A33="","",IFERROR(SUM(E$7:E33)/C4*100,"")) -> 1.0915765 | H33: 6045 | I33: 5881 | J33: =IF(OR(A33="",H33="",H33=0),"",I33/H33*100) -> 97.287014 | K33: =IF(OR(A33="",C33="",C33=0),"",H33/C33*100) -> 61.140892 | L33: 67 | M33: 1594 | N33: 103 | O33: =IF(OR(A33="",C33="",C33=0),"",M33/C33*1000) -> 161.22181 | P33: =IF(OR(A33="",D33="",D33=0),"",N33/D33*1000) -> 128.75 | Q33: 2614 | R33: =IF(OR(A33="",M33="",M33+N33=0),"",Q33/(M33+N33)) -> 1.5403654
A34: 46205 | B34: =IF(A34="","",IFERROR(INT((A34-C3)/7)+I4,"")) -> 47 | C34: 9877 | D34: 796 | E34: 10 | F34: 4 | G34: =IF(A34="","",IFERROR(SUM(E$7:E34)/C4*100,"")) -> 1.1881762 | H34: 6318 | I34: 6158 | J34: =IF(OR(A34="",H34="",H34=0),"",I34/H34*100) -> 97.467553 | K34: =IF(OR(A34="",C34="",C34=0),"",H34/C34*100) -> 63.966792 | L34: 63.9 | M34: 1591 | N34: 82 | O34: =IF(OR(A34="",C34="",C34=0),"",M34/C34*1000) -> 161.0813 | P34: =IF(OR(A34="",D34="",D34=0),"",N34/D34*1000) -> 103.01508 | Q34: 3615 | R34: =IF(OR(A34="",M34="",M34+N34=0),"",Q34/(M34+N34)) -> 2.160789
A35: 46206 | B35: =IF(A35="","",IFERROR(INT((A35-C3)/7)+I4,"")) -> 48 | C35: 9875 | D35: 765 | E35: 2 | F35: 1 | G35: =IF(A35="","",IFERROR(SUM(E$7:E35)/C4*100,"")) -> 1.2074961 | H35: 6505 | I35: 6325 | J35: =IF(OR(A35="",H35="",H35=0),"",I35/H35*100) -> 97.232898 | K35: =IF(OR(A35="",C35="",C35=0),"",H35/C35*100) -> 65.873418 | L35: 65.8 | M35: 1590 | N35: 82 | O35: =IF(OR(A35="",C35="",C35=0),"",M35/C35*1000) -> 161.01266 | P35: =IF(OR(A35="",D35="",D35=0),"",N35/D35*1000) -> 107.18954 | Q35: 3321 | R35: =IF(OR(A35="",M35="",M35+N35=0),"",Q35/(M35+N35)) -> 1.986244
A36: 46207 | B36: =IF(A36="","",IFERROR(INT((A36-C3)/7)+I4,"")) -> 48 | C36: 9872 | D36: 795 | E36: 3 | F36: 0 | G36: =IF(A36="","",IFERROR(SUM(E$7:E36)/C4*100,"")) -> 1.236476 | H36: 6584 | I36: 6431 | J36: =IF(OR(A36="",H36="",H36=0),"",I36/H36*100) -> 97.676185 | K36: =IF(OR(A36="",C36="",C36=0),"",H36/C36*100) -> 66.693679 | L36: 66.6 | M36: 1590 | N36: 84 | O36: =IF(OR(A36="",C36="",C36=0),"",M36/C36*1000) -> 161.06159 | P36: =IF(OR(A36="",D36="",D36=0),"",N36/D36*1000) -> 105.66038 | Q36: 3016 | R36: =IF(OR(A36="",M36="",M36+N36=0),"",Q36/(M36+N36)) -> 1.8016726 | W36: Woxsol 2kg / 50 l wody
A37: 46208 | B37: =IF(A37="","",IFERROR(INT((A37-C3)/7)+I4,"")) -> 48 | C37: 9865 | D37: 795 | E37: 7 | F37: 1 | G37: =IF(A37="","",IFERROR(SUM(E$7:E37)/C4*100,"")) -> 1.3040958 | H37: 6512 | I37: 6341 | J37: =IF(OR(A37="",H37="",H37=0),"",I37/H37*100) -> 97.374079 | K37: =IF(OR(A37="",C37="",C37=0),"",H37/C37*100) -> 66.011151 | L37: 65.9 | M37: 1589 | N37: 84 | O37: =IF(OR(A37="",C37="",C37=0),"",M37/C37*1000) -> 161.07451 | P37: =IF(OR(A37="",D37="",D37=0),"",N37/D37*1000) -> 105.66038 | Q37: 3082 | R37: =IF(OR(A37="",M37="",M37+N37=0),"",Q37/(M37+N37)) -> 1.8421996 | W37: Woxsol 2kg / 50 l wody
A38: 46209 | B38: =IF(A38="","",IFERROR(INT((A38-C3)/7)+I4,"")) -> 48 | C38: 9862 | D38: 794 | E38: 3 | F38: 0 | G38: =IF(A38="","",IFERROR(SUM(E$7:E38)/C4*100,"")) -> 1.3330757 | H38: 6625 | I38: 6489 | J38: =IF(OR(A38="",H38="",H38=0),"",I38/H38*100) -> 97.94717 | K38: =IF(OR(A38="",C38="",C38=0),"",H38/C38*100) -> 67.177043 | L38: 67.1 | M38: 1588 | N38: 84 | O38: =IF(OR(A38="",C38="",C38=0),"",M38/C38*1000) -> 161.02211 | P38: =IF(OR(A38="",D38="",D38=0),"",N38/D38*1000) -> 105.79345 | Q38: 3071 | R38: =IF(OR(A38="",M38="",M38+N38=0),"",Q38/(M38+N38)) -> 1.8367225 | W38: Woxsol 2kg / 50 l wody
A39: 46210 | B39: =IF(A39="","",IFERROR(INT((A39-C3)/7)+I4,"")) -> 48 | C39: 9860 | D39: 794 | E39: 2 | F39: 0 | G39: =IF(A39="","",IFERROR(SUM(E$7:E39)/C4*100,"")) -> 1.3523957 | H39: 6491 | I39: 6276 | J39: =IF(OR(A39="",H39="",H39=0),"",I39/H39*100) -> 96.687721 | K39: =IF(OR(A39="",C39="",C39=0),"",H39/C39*100) -> 65.831643 | L39: 65.8 | M39: 1588 | N39: 84 | O39: =IF(OR(A39="",C39="",C39=0),"",M39/C39*1000) -> 161.05477 | P39: =IF(OR(A39="",D39="",D39=0),"",N39/D39*1000) -> 105.79345 | Q39: 3072 | R39: =IF(OR(A39="",M39="",M39+N39=0),"",Q39/(M39+N39)) -> 1.8373206 | W39: Woxsol 2kg / 50 l wody
A40: 46211 | B40: =IF(A40="","",IFERROR(INT((A40-C3)/7)+I4,"")) -> 48 | C40: 9859 | D40: 794 | E40: 1 | F40: 1 | G40: =IF(A40="","",IFERROR(SUM(E$7:E40)/C4*100,"")) -> 1.3620556 | H40: 6382 | I40: 6239 | J40: =IF(OR(A40="",H40="",H40=0),"",I40/H40*100) -> 97.759323 | K40: =IF(OR(A40="",C40="",C40=0),"",H40/C40*100) -> 64.732732 | L40: 64.7 | M40: 1587 | N40: 84 | O40: =IF(OR(A40="",C40="",C40=0),"",M40/C40*1000) -> 160.96967 | P40: =IF(OR(A40="",D40="",D40=0),"",N40/D40*1000) -> 105.79345 | Q40: 3008 | R40: =IF(OR(A40="",M40="",M40+N40=0),"",Q40/(M40+N40)) -> 1.8001197 | W40: Woxsol 2kg / 50 l wody
A41: 46304 | B41: =IF(A41="","",IFERROR(INT((A41-C3)/7)+I4,"")) -> 62 | C41: 9857 | D41: 793 | E41: 2 | F41: 0 | G41: =IF(A41="","",IFERROR(SUM(E$7:E41)/C4*100,"")) -> 1.3813756 | H41: 6409 | I41: 6260 | J41: =IF(OR(A41="",H41="",H41=0),"",I41/H41*100) -> 97.675144 | K41: =IF(OR(A41="",C41="",C41=0),"",H41/C41*100) -> 65.019783 | L41: 65 | M41: 1587 | N41: 84 | O41: =IF(OR(A41="",C41="",C41=0),"",M41/C41*1000) -> 161.00233 | P41: =IF(OR(A41="",D41="",D41=0),"",N41/D41*1000) -> 105.92686 | Q41: 3294 | R41: =IF(OR(A41="",M41="",M41+N41=0),"",Q41/(M41+N41)) -> 1.9712747 | U41: 4274 | V41: 4551 | W41: Woxsol 2kg / 50 l wody
A42: 46213 | B42: =IF(A42="","",IFERROR(INT((A42-C3)/7)+I4,"")) -> 49 | C42: 9855 | D42: 792 | E42: 2 | F42: 1 | G42: =IF(A42="","",IFERROR(SUM(E$7:E42)/C4*100,"")) -> 1.4006955 | H42: 6283 | I42: 6112 | J42: =IF(OR(A42="",H42="",H42=0),"",I42/H42*100) -> 97.27837 | K42: =IF(OR(A42="",C42="",C42=0),"",H42/C42*100) -> 63.754439 | L42: 63.7 | M42: 1387 | N42: 84 | O42: =IF(OR(A42="",C42="",C42=0),"",M42/C42*1000) -> 140.74074 | P42: =IF(OR(A42="",D42="",D42=0),"",N42/D42*1000) -> 106.06061 | Q42: 3359 | R42: =IF(OR(A42="",M42="",M42+N42=0),"",Q42/(M42+N42)) -> 2.2834806
A43: 46214 | B43: =IF(A43="","",IFERROR(INT((A43-C3)/7)+I4,"")) -> 49 | C43: 9853 | D43: 792 | E43: 2 | F43: 0 | G43: =IF(A43="","",IFERROR(SUM(E$7:E43)/C4*100,"")) -> 1.4200155 | H43: 6450 | I43: 6286 | J43: =IF(OR(A43="",H43="",H43=0),"",I43/H43*100) -> 97.457364 | K43: =IF(OR(A43="",C43="",C43=0),"",H43/C43*100) -> 65.462296 | L43: 65.4 | M43: 1586 | N43: 84 | O43: =IF(OR(A43="",C43="",C43=0),"",M43/C43*1000) -> 160.9662 | P43: =IF(OR(A43="",D43="",D43=0),"",N43/D43*1000) -> 106.06061 | Q43: 3384 | R43: =IF(OR(A43="",M43="",M43+N43=0),"",Q43/(M43+N43)) -> 2.0263473
A44: 46215 | B44: =IF(A44="","",IFERROR(INT((A44-C3)/7)+I4,"")) -> 49 | C44: 9847 | D44: 791 | E44: 6 | F44: 1 | G44: =IF(A44="","",IFERROR(SUM(E$7:E44)/C4*100,"")) -> 1.4779753 | H44: 6372 | I44: 6216 | J44: =IF(OR(A44="",H44="",H44=0),"",I44/H44*100) -> 97.551789 | K44: =IF(OR(A44="",C44="",C44=0),"",H44/C44*100) -> 64.710064 | L44: 64.7 | M44: 1586 | N44: 84 | O44: =IF(OR(A44="",C44="",C44=0),"",M44/C44*1000) -> 161.06428 | P44: =IF(OR(A44="",D44="",D44=0),"",N44/D44*1000) -> 106.19469 | Q44: 3186 | R44: =IF(OR(A44="",M44="",M44+N44=0),"",Q44/(M44+N44)) -> 1.9077844
A45: 46216 | B45: =IF(A45="","",IFERROR(INT((A45-C3)/7)+I4,"")) -> 49 | C45: =C44-E45 -> 9841 | D45: =D44-F45 -> 790 | E45: 6 | F45: 1 | G45: =IF(A45="","",IFERROR(SUM(E$7:E45)/C4*100,"")) -> 1.5359351 | H45: 6320 | I45: 6175 | J45: =IF(OR(A45="",H45="",H45=0),"",I45/H45*100) -> 97.705696 | K45: =IF(OR(A45="",C45="",C45=0),"",H45/C45*100) -> 64.221116 | L45: 66.8 | M45: 1586 | N45: 84 | O45: =IF(OR(A45="",C45="",C45=0),"",M45/C45*1000) -> 161.16248 | P45: =IF(OR(A45="",D45="",D45=0),"",N45/D45*1000) -> 106.32911 | Q45: 3317 | R45: =IF(OR(A45="",M45="",M45+N45=0),"",Q45/(M45+N45)) -> 1.9862275
A46: 46217 | B46: =IF(A46="","",IFERROR(INT((A46-C3)/7)+I4,"")) -> 49 | C46: =C45-E46 -> 9840 | D46: =D45-F46 -> 790 | E46: 1 | F46: 0 | G46: =IF(A46="","",IFERROR(SUM(E$7:E46)/C4*100,"")) -> 1.5455951 | H46: 6343 | I46: 6220 | J46: =IF(OR(A46="",H46="",H46=0),"",I46/H46*100) -> 98.060854 | K46: =IF(OR(A46="",C46="",C46=0),"",H46/C46*100) -> 64.461382 | L46: 66.9 | M46: 1568 | N46: 84 | O46: =IF(OR(A46="",C46="",C46=0),"",M46/C46*1000) -> 159.34959 | P46: =IF(OR(A46="",D46="",D46=0),"",N46/D46*1000) -> 106.32911 | Q46: 3192 | R46: =IF(OR(A46="",M46="",M46+N46=0),"",Q46/(M46+N46)) -> 1.9322034
A47: 46218 | B47: =IF(A47="","",IFERROR(INT((A47-C3)/7)+I4,"")) -> 49 | C47: =C46-E47 -> 9837 | D47: =D46-F47 -> 789 | E47: 3 | F47: 1 | G47: =IF(A47="","",IFERROR(SUM(E$7:E47)/C4*100,"")) -> 1.574575 | H47: 6325 | I47: 6200 | J47: =IF(OR(A47="",H47="",H47=0),"",I47/H47*100) -> 98.023715 | K47: =IF(OR(A47="",C47="",C47=0),"",H47/C47*100) -> 64.298058 | L47: 66.9 | M47: 1568 | N47: 84 | O47: =IF(OR(A47="",C47="",C47=0),"",M47/C47*1000) -> 159.39819 | P47: =IF(OR(A47="",D47="",D47=0),"",N47/D47*1000) -> 106.46388 | Q47: 3209 | R47: =IF(OR(A47="",M47="",M47+N47=0),"",Q47/(M47+N47)) -> 1.9424939
A48: 46219 | B48: =IF(A48="","",IFERROR(INT((A48-C3)/7)+I4,"")) -> 49 | C48: =C47-E48 -> 9834 | D48: =D47-F48 -> 788 | E48: 3 | F48: 1 | G48: =IF(A48="","",IFERROR(SUM(E$7:E48)/C4*100,"")) -> 1.6035549 | H48: 6452 | I48: 6271 | J48: =IF(OR(A48="",H48="",H48=0),"",I48/H48*100) -> 97.194668 | K48: =IF(OR(A48="",C48="",C48=0),"",H48/C48*100) -> 65.609111 | L48: 66.8 | M48: 1568 | N48: 84 | O48: =IF(OR(A48="",C48="",C48=0),"",M48/C48*1000) -> 159.44682 | P48: =IF(OR(A48="",D48="",D48=0),"",N48/D48*1000) -> 106.59898 | Q48: 3587 | R48: =IF(OR(A48="",M48="",M48+N48=0),"",Q48/(M48+N48)) -> 2.1713075
A49: 46220 | B49: =IF(A49="","",IFERROR(INT((A49-C3)/7)+I4,"")) -> 50 | C49: =C48-E49 -> 9832 | D49: =D48-F49 -> 788 | E49: 2 | F49: 0 | G49: =IF(A49="","",IFERROR(SUM(E$7:E49)/C4*100,"")) -> 1.6228748 | H49: 6352 | I49: 6164 | J49: =IF(OR(A49="",H49="",H49=0),"",I49/H49*100) -> 97.040302 | K49: =IF(OR(A49="",C49="",C49=0),"",H49/C49*100) -> 64.60537 | L49: 66.8 | M49: 1568 | N49: 84 | O49: =IF(OR(A49="",C49="",C49=0),"",M49/C49*1000) -> 159.47925 | P49: =IF(OR(A49="",D49="",D49=0),"",N49/D49*1000) -> 106.59898 | Q49: 3827 | R49: =IF(OR(A49="",M49="",M49+N49=0),"",Q49/(M49+N49)) -> 2.316586 | U49: 4131
A50: 46221 | B50: =IF(A50="","",IFERROR(INT((A50-C3)/7)+I4,"")) -> 50 | C50: =C49-E50 -> 9830 | D50: =D49-F50 -> 788 | E50: 2 | F50: 0 | G50: =IF(A50="","",IFERROR(SUM(E$7:E50)/C4*100,"")) -> 1.6421947 | H50: 6294 | I50: 6140 | J50: =IF(OR(A50="",H50="",H50=0),"",I50/H50*100) -> 97.553225 | K50: =IF(OR(A50="",C50="",C50=0),"",H50/C50*100) -> 64.028484 | L50: 66.7 | M50: 1568 | N50: 84 | O50: =IF(OR(A50="",C50="",C50=0),"",M50/C50*1000) -> 159.5117 | P50: =IF(OR(A50="",D50="",D50=0),"",N50/D50*1000) -> 106.59898 | Q50: 3442 | R50: =IF(OR(A50="",M50="",M50+N50=0),"",Q50/(M50+N50)) -> 2.0835351
A51: 46222 | B51: =IF(A51="","",IFERROR(INT((A51-C3)/7)+I4,"")) -> 50 | C51: =C50-E51 -> 9826 | D51: =D50-F51 -> 787 | E51: 4 | F51: 1 | G51: =IF(A51="","",IFERROR(SUM(E$7:E51)/C4*100,"")) -> 1.6808346 | H51: 6339 | I51: 6198 | J51: =IF(OR(A51="",H51="",H51=0),"",I51/H51*100) -> 97.775674 | K51: =IF(OR(A51="",C51="",C51=0),"",H51/C51*100) -> 64.512518 | L51: 66.6 | M51: 1568 | N51: 84 | O51: =IF(OR(A51="",C51="",C51=0),"",M51/C51*1000) -> 159.57663 | P51: =IF(OR(A51="",D51="",D51=0),"",N51/D51*1000) -> 106.73443 | Q51: 3374 | R51: =IF(OR(A51="",M51="",M51+N51=0),"",Q51/(M51+N51)) -> 2.0423729
A52: 46223 | B52: =IF(A52="","",IFERROR(INT((A52-C3)/7)+I4,"")) -> 50 | C52: =C51-E52 -> 9824 | D52: =D51-F52 -> 787 | E52: 2 | F52: 0 | G52: =IF(A52="","",IFERROR(SUM(E$7:E52)/C4*100,"")) -> 1.7001546 | H52: 6203 | I52: 6035 | J52: =IF(OR(A52="",H52="",H52=0),"",I52/H52*100) -> 97.291633 | K52: =IF(OR(A52="",C52="",C52=0),"",H52/C52*100) -> 63.141287 | L52: 66.7 | M52: 1581 | N52: 84 | O52: =IF(OR(A52="",C52="",C52=0),"",M52/C52*1000) -> 160.93241 | P52: =IF(OR(A52="",D52="",D52=0),"",N52/D52*1000) -> 106.73443 | Q52: 3333 | R52: =IF(OR(A52="",M52="",M52+N52=0),"",Q52/(M52+N52)) -> 2.0018018
A53: 46224 | B53: =IF(A53="","",IFERROR(INT((A53-C3)/7)+I4,"")) -> 50 | C53: =C52-E53 -> 9821 | D53: =D52-F53 -> 786 | E53: 3 | F53: 1 | G53: =IF(A53="","",IFERROR(SUM(E$7:E53)/C4*100,"")) -> 1.7291345 | H53: 6265 | I53: 6291 | J53: =IF(OR(A53="",H53="",H53=0),"",I53/H53*100) -> 100.415 | K53: =IF(OR(A53="",C53="",C53=0),"",H53/C53*100) -> 63.791875 | L53: 66.8 | M53: 1581 | N53: 84 | O53: =IF(OR(A53="",C53="",C53=0),"",M53/C53*1000) -> 160.98157 | P53: =IF(OR(A53="",D53="",D53=0),"",N53/D53*1000) -> 106.87023 | Q53: 3237 | R53: =IF(OR(A53="",M53="",M53+N53=0),"",Q53/(M53+N53)) -> 1.9441441
A54: 46225 | B54: =IF(A54="","",IFERROR(INT((A54-C3)/7)+I4,"")) -> 50 | C54: =C53-E54 -> 9817 | D54: =D53-F54 -> 785 | E54: 4 | F54: 1 | G54: =IF(A54="","",IFERROR(SUM(E$7:E54)/C4*100,"")) -> 1.7677743 | H54: 6487 | I54: 6128 | J54: =IF(OR(A54="",H54="",H54=0),"",I54/H54*100) -> 94.465855 | K54: =IF(OR(A54="",C54="",C54=0),"",H54/C54*100) -> 66.07925 | L54: 66.8 | M54: 1581 | N54: 84 | O54: =IF(OR(A54="",C54="",C54=0),"",M54/C54*1000) -> 161.04716 | P54: =IF(OR(A54="",D54="",D54=0),"",N54/D54*1000) -> 107.00637 | Q54: 3133 | R54: =IF(OR(A54="",M54="",M54+N54=0),"",Q54/(M54+N54)) -> 1.8816817
A55: 46226 | B55: =IF(A55="","",IFERROR(INT((A55-C3)/7)+I4,"")) -> 50 | C55: =C54-E55 -> 9814 | D55: =D54-F55 -> 785 | E55: 3 | F55: 0 | G55: =IF(A55="","",IFERROR(SUM(E$7:E55)/C4*100,"")) -> 1.7967543 | H55: 6335 | I55: 5959 | J55: =IF(OR(A55="",H55="",H55=0),"",I55/H55*100) -> 94.06472 | K55: =IF(OR(A55="",C55="",C55=0),"",H55/C55*100) -> 64.550642 | L55: 67 | M55: 1581 | N55: 86 | O55: =IF(OR(A55="",C55="",C55=0),"",M55/C55*1000) -> 161.09639 | P55: =IF(OR(A55="",D55="",D55=0),"",N55/D55*1000) -> 109.55414 | Q55: 3133 | R55: =IF(OR(A55="",M55="",M55+N55=0),"",Q55/(M55+N55)) -> 1.8794241
A56: 46227 | B56: =IF(A56="","",IFERROR(INT((A56-C3)/7)+I4,"")) -> 51 | C56: =C55-E56 -> 9809 | D56: =D55-F56 -> 783 | E56: 5 | F56: 2 | G56: =IF(A56="","",IFERROR(SUM(E$7:E56)/C4*100,"")) -> 1.8450541 | H56: 6134 | I56: 6026 | J56: =IF(OR(A56="",H56="",H56=0),"",I56/H56*100) -> 98.239322 | K56: =IF(OR(A56="",C56="",C56=0),"",H56/C56*100) -> 62.534407 | L56: 67.1 | M56: 1589 | N56: 86 | O56: =IF(OR(A56="",C56="",C56=0),"",M56/C56*1000) -> 161.99409 | P56: =IF(OR(A56="",D56="",D56=0),"",N56/D56*1000) -> 109.83397 | Q56: 3218 | R56: =IF(OR(A56="",M56="",M56+N56=0),"",Q56/(M56+N56)) -> 1.921194
A57: 46228 | B57: =IF(A57="","",IFERROR(INT((A57-C3)/7)+I4,"")) -> 51 | C57: =C56-E57 -> 9805 | D57: =D56-F57 -> 780 | E57: 4 | F57: 3 | G57: =IF(A57="","",IFERROR(SUM(E$7:E57)/C4*100,"")) -> 1.883694 | H57: 6191 | I57: 6203 | J57: =IF(OR(A57="",H57="",H57=0),"",I57/H57*100) -> 100.19383 | K57: =IF(OR(A57="",C57="",C57=0),"",H57/C57*100) -> 63.141254 | L57: 67.1 | M57: 1589 | N57: 86 | O57: =IF(OR(A57="",C57="",C57=0),"",M57/C57*1000) -> 162.06017 | P57: =IF(OR(A57="",D57="",D57=0),"",N57/D57*1000) -> 110.25641 | Q57: 3359 | R57: =IF(OR(A57="",M57="",M57+N57=0),"",Q57/(M57+N57)) -> 2.0053731
A58: 46229 | B58: =IF(A58="","",IFERROR(INT((A58-C3)/7)+I4,"")) -> 51 | C58: =C57-E58 -> 9802 | D58: =D57-F58 -> 780 | E58: 3 | F58: 0 | G58: =IF(A58="","",IFERROR(SUM(E$7:E58)/C4*100,"")) -> 1.9126739 | H58: 6360 | I58: 6043 | J58: =IF(OR(A58="",H58="",H58=0),"",I58/H58*100) -> 95.015723 | K58: =IF(OR(A58="",C58="",C58=0),"",H58/C58*100) -> 64.884717 | L58: 67.1 | M58: 1589 | N58: 86 | O58: =IF(OR(A58="",C58="",C58=0),"",M58/C58*1000) -> 162.10977 | P58: =IF(OR(A58="",D58="",D58=0),"",N58/D58*1000) -> 110.25641 | Q58: 3546 | R58: =IF(OR(A58="",M58="",M58+N58=0),"",Q58/(M58+N58)) -> 2.1170149
A59: 46230 | B59: =IF(A59="","",IFERROR(INT((A59-C3)/7)+I4,"")) -> 51 | C59: =C58-E59 -> 9799 | D59: =D58-F59 -> 778 | E59: 3 | F59: 2 | G59: =IF(A59="","",IFERROR(SUM(E$7:E59)/C4*100,"")) -> 1.9416538 | H59: 6235 | I59: 6016 | J59: =IF(OR(A59="",H59="",H59=0),"",I59/H59*100) -> 96.48757 | K59: =IF(OR(A59="",C59="",C59=0),"",H59/C59*100) -> 63.628942 | L59: 67.1 | M59: 1589 | N59: 86 | O59: =IF(OR(A59="",C59="",C59=0),"",M59/C59*1000) -> 162.1594 | P59: =IF(OR(A59="",D59="",D59=0),"",N59/D59*1000) -> 110.53985 | Q59: 3280 | R59: =IF(OR(A59="",M59="",M59+N59=0),"",Q59/(M59+N59)) -> 1.958209
A60: 46231 | B60: =IF(A60="","",IFERROR(INT((A60-C3)/7)+I4,"")) -> 51 | C60: =C59-E60 -> 9797 | D60: =D59-F60 -> 777 | E60: 2 | F60: 1 | G60: =IF(A60="","",IFERROR(SUM(E$7:E60)/C4*100,"")) -> 1.9609737 | H60: 6187 | I60: 5755 | J60: =IF(OR(A60="",H60="",H60=0),"",I60/H60*100) -> 93.017618 | K60: =IF(OR(A60="",C60="",C60=0),"",H60/C60*100) -> 63.151985 | L60: 67.3 | M60: 1589 | N60: 86 | O60: =IF(OR(A60="",C60="",C60=0),"",M60/C60*1000) -> 162.19251 | P60: =IF(OR(A60="",D60="",D60=0),"",N60/D60*1000) -> 110.68211 | Q60: 3242 | R60: =IF(OR(A60="",M60="",M60+N60=0),"",Q60/(M60+N60)) -> 1.9355224
A61: 46232 | B61: =IF(A61="","",IFERROR(INT((A61-C3)/7)+I4,"")) -> 51 | C61: =C60-E61 -> 9793 | D61: =D60-F61 -> 773 | E61: 4 | F61: 4 | G61: =IF(A61="","",IFERROR(SUM(E$7:E61)/C4*100,"")) -> 1.9996136 | H61: 5973 | I61: 6078 | J61: =IF(OR(A61="",H61="",H61=0),"",I61/H61*100) -> 101.75791 | K61: =IF(OR(A61="",C61="",C61=0),"",H61/C61*100) -> 60.992546 | L61: 67.4 | M61: 1589 | N61: 86 | O61: =IF(OR(A61="",C61="",C61=0),"",M61/C61*1000) -> 162.25876 | P61: =IF(OR(A61="",D61="",D61=0),"",N61/D61*1000) -> 111.25485 | Q61: 3246 | R61: =IF(OR(A61="",M61="",M61+N61=0),"",Q61/(M61+N61)) -> 1.9379104
A62: 46233 | B62: =IF(A62="","",IFERROR(INT((A62-C3)/7)+I4,"")) -> 51 | C62: =C61-E62 -> 9790 | D62: =D61-F62 -> 772 | E62: 3 | F62: 1 | G62: =IF(A62="","",IFERROR(SUM(E$7:E62)/C4*100,"")) -> 2.0285935 | H62: 6246 | I62: 6007 | J62: =IF(OR(A62="",H62="",H62=0),"",I62/H62*100) -> 96.173551 | K62: =IF(OR(A62="",C62="",C62=0),"",H62/C62*100) -> 63.799796 | L62: 67.3 | M62: 1589 | N62: 86 | O62: =IF(OR(A62="",C62="",C62=0),"",M62/C62*1000) -> 162.30848 | P62: =IF(OR(A62="",D62="",D62=0),"",N62/D62*1000) -> 111.39896 | Q62: 3514 | R62: =IF(OR(A62="",M62="",M62+N62=0),"",Q62/(M62+N62)) -> 2.0979104
A63: 46234 | B63: =IF(A63="","",IFERROR(INT((A63-C3)/7)+I4,"")) -> 52 | C63: =C62-E63 -> 9786 | D63: =D62-F63 -> 769 | E63: 4 | F63: 3 | G63: =IF(A63="","",IFERROR(SUM(E$7:E63)/C4*100,"")) -> 2.0672334 | H63: 6179 | I63: 6008 | J63: =IF(OR(A63="",H63="",H63=0),"",I63/H63*100) -> 97.232562 | K63: =IF(OR(A63="",C63="",C63=0),"",H63/C63*100) -> 63.141222 | L63: 67.6 | M63: 1589 | N63: 86 | O63: =IF(OR(A63="",C63="",C63=0),"",M63/C63*1000) -> 162.37482 | P63: =IF(OR(A63="",D63="",D63=0),"",N63/D63*1000) -> 111.83355 | Q63: 3836 | R63: =IF(OR(A63="",M63="",M63+N63=0),"",Q63/(M63+N63)) -> 2.2901493
A64: 46235 | B64: =IF(A64="","",IFERROR(INT((A64-C3)/7)+I4,"")) -> 52 | C64: =C63-E64 -> 9784 | D64: =D63-F64 -> 769 | E64: 2 | F64: 0 | G64: =IF(A64="","",IFERROR(SUM(E$7:E64)/C4*100,"")) -> 2.0865533 | H64: 6190 | I64: 6120 | J64: =IF(OR(A64="",H64="",H64=0),"",I64/H64*100) -> 98.869144 | K64: =IF(OR(A64="",C64="",C64=0),"",H64/C64*100) -> 63.266558 | L64: 67.5 | M64: 1589 | N64: 86 | O64: =IF(OR(A64="",C64="",C64=0),"",M64/C64*1000) -> 162.40801 | P64: =IF(OR(A64="",D64="",D64=0),"",N64/D64*1000) -> 111.83355 | Q64: 3035 | R64: =IF(OR(A64="",M64="",M64+N64=0),"",Q64/(M64+N64)) -> 1.8119403
A65: 46236 | B65: =IF(A65="","",IFERROR(INT((A65-C3)/7)+I4,"")) -> 52 | C65: =C64-E65 -> 9781 | D65: =D64-F65 -> 767 | E65: 3 | F65: 2 | G65: =IF(A65="","",IFERROR(SUM(E$7:E65)/C4*100,"")) -> 2.1155332 | H65: 6372 | I65: 6093 | J65: =IF(OR(A65="",H65="",H65=0),"",I65/H65*100) -> 95.621469 | K65: =IF(OR(A65="",C65="",C65=0),"",H65/C65*100) -> 65.146713 | L65: 67.3 | M65: 1589 | N65: 86 | O65: =IF(OR(A65="",C65="",C65=0),"",M65/C65*1000) -> 162.45783 | P65: =IF(OR(A65="",D65="",D65=0),"",N65/D65*1000) -> 112.12516 | Q65: 2956 | R65: =IF(OR(A65="",M65="",M65+N65=0),"",Q65/(M65+N65)) -> 1.7647761
A66: 46237 | B66: =IF(A66="","",IFERROR(INT((A66-C3)/7)+I4,"")) -> 52 | C66: =C65-E66 -> 9769 | D66: =D65-F66 -> 763 | E66: 12 | F66: 4 | G66: =IF(A66="","",IFERROR(SUM(E$7:E66)/C4*100,"")) -> 2.2314529 | H66: 6017 | I66: 5793 | J66: =IF(OR(A66="",H66="",H66=0),"",I66/H66*100) -> 96.277215 | K66: =IF(OR(A66="",C66="",C66=0),"",H66/C66*100) -> 61.592794 | L66: 67.2 | M66: 1589 | N66: 86 | O66: =IF(OR(A66="",C66="",C66=0),"",M66/C66*1000) -> 162.65739 | P66: =IF(OR(A66="",D66="",D66=0),"",N66/D66*1000) -> 112.71298 | Q66: 3510 | R66: =IF(OR(A66="",M66="",M66+N66=0),"",Q66/(M66+N66)) -> 2.0955224
A67: 46238 | B67: =IF(A67="","",IFERROR(INT((A67-C3)/7)+I4,"")) -> 52 | C67: =C66-E67 -> 9767 | D67: =D66-F67 -> 762 | E67: 2 | F67: 1 | G67: =IF(A67="","",IFERROR(SUM(E$7:E67)/C4*100,"")) -> 2.2507728 | H67: 5869 | I67: 5715 | J67: =IF(OR(A67="",H67="",H67=0),"",I67/H67*100) -> 97.376044 | K67: =IF(OR(A67="",C67="",C67=0),"",H67/C67*100) -> 60.090099 | L67: 67.4 | M67: 1589 | N67: 88 | O67: =IF(OR(A67="",C67="",C67=0),"",M67/C67*1000) -> 162.69069 | P67: =IF(OR(A67="",D67="",D67=0),"",N67/D67*1000) -> 115.48556 | Q67: 3347 | R67: =IF(OR(A67="",M67="",M67+N67=0),"",Q67/(M67+N67)) -> 1.9958259
A68: 46239 | B68: =IF(A68="","",IFERROR(INT((A68-C3)/7)+I4,"")) -> 52 | C68: =C67-E68 -> 9763 | D68: =D67-F68 -> 760 | E68: 4 | F68: 2 | G68: =IF(A68="","",IFERROR(SUM(E$7:E68)/C4*100,"")) -> 2.2894127 | H68: 5382 | I68: 6184 | J68: =IF(OR(A68="",H68="",H68=0),"",I68/H68*100) -> 114.90152 | K68: =IF(OR(A68="",C68="",C68=0),"",H68/C68*100) -> 55.126498 | L68: 67.2 | M68: 1574 | N68: 88 | O68: =IF(OR(A68="",C68="",C68=0),"",M68/C68*1000) -> 161.22094 | P68: =IF(OR(A68="",D68="",D68=0),"",N68/D68*1000) -> 115.78947 | Q68: 3351 | R68: =IF(OR(A68="",M68="",M68+N68=0),"",Q68/(M68+N68)) -> 2.0162455
A69: 46240 | B69: =IF(A69="","",IFERROR(INT((A69-C3)/7)+I4,"")) -> 52 | C69: =C68-E69 -> 9755 | D69: =D68-F69 -> 758 | E69: 8 | F69: 2 | G69: =IF(A69="","",IFERROR(SUM(E$7:E69)/C4*100,"")) -> 2.3666924 | H69: 6425 | I69: 6233 | J69: =IF(OR(A69="",H69="",H69=0),"",I69/H69*100) -> 97.011673 | K69: =IF(OR(A69="",C69="",C69=0),"",H69/C69*100) -> 65.86366 | L69: 66.7 | M69: 1574 | N69: 88 | O69: =IF(OR(A69="",C69="",C69=0),"",M69/C69*1000) -> 161.35315 | P69: =IF(OR(A69="",D69="",D69=0),"",N69/D69*1000) -> 116.09499 | Q69: 3694 | R69: =IF(OR(A69="",M69="",M69+N69=0),"",Q69/(M69+N69)) -> 2.2226233
A70: 46241 | B70: =IF(A70="","",IFERROR(INT((A70-C3)/7)+I4,"")) -> 53 | C70: =C69-E70 -> 9752 | D70: =D69-F70 -> 757 | E70: 3 | F70: 1 | G70: =IF(A70="","",IFERROR(SUM(E$7:E70)/C4*100,"")) -> 2.3956723 | H70: 6162 | I70: 5965 | J70: =IF(OR(A70="",H70="",H70=0),"",I70/H70*100) -> 96.802986 | K70: =IF(OR(A70="",C70="",C70=0),"",H70/C70*100) -> 63.187039 | L70: 67.5 | M70: 1574 | N70: 88 | O70: =IF(OR(A70="",C70="",C70=0),"",M70/C70*1000) -> 161.40279 | P70: =IF(OR(A70="",D70="",D70=0),"",N70/D70*1000) -> 116.24835 | Q70: 3241 | R70: =IF(OR(A70="",M70="",M70+N70=0),"",Q70/(M70+N70)) -> 1.9500602
A71: 46242 | B71: =IF(A71="","",IFERROR(INT((A71-C3)/7)+I4,"")) -> 53 | C71: =C70-E71 -> 9748 | D71: =D70-F71 -> 754 | E71: 4 | F71: 3 | G71: =IF(A71="","",IFERROR(SUM(E$7:E71)/C4*100,"")) -> 2.4343122 | H71: 5958 | I71: 5755 | J71: =IF(OR(A71="",H71="",H71=0),"",I71/H71*100) -> 96.592816 | K71: =IF(OR(A71="",C71="",C71=0),"",H71/C71*100) -> 61.12023 | L71: 67.3 | M71: 1574 | N71: 88 | O71: =IF(OR(A71="",C71="",C71=0),"",M71/C71*1000) -> 161.46902 | P71: =IF(OR(A71="",D71="",D71=0),"",N71/D71*1000) -> 116.71088 | Q71: 3478 | R71: =IF(OR(A71="",M71="",M71+N71=0),"",Q71/(M71+N71)) -> 2.0926594
A72: 46243 | B72: =IF(A72="","",IFERROR(INT((A72-C3)/7)+I4,"")) -> 53 | C72: =C71-E72 -> 9745 | D72: =D71-F72 -> 754 | E72: 3 | F72: 0 | G72: =IF(A72="","",IFERROR(SUM(E$7:E72)/C4*100,"")) -> 2.4632921 | H72: 5956 | I72: 5744 | J72: =IF(OR(A72="",H72="",H72=0),"",I72/H72*100) -> 96.440564 | K72: =IF(OR(A72="",C72="",C72=0),"",H72/C72*100) -> 61.118522 | L72: 67.8 | M72: 1574 | N72: 88 | O72: =IF(OR(A72="",C72="",C72=0),"",M72/C72*1000) -> 161.51873 | P72: =IF(OR(A72="",D72="",D72=0),"",N72/D72*1000) -> 116.71088 | Q72: 3482 | R72: =IF(OR(A72="",M72="",M72+N72=0),"",Q72/(M72+N72)) -> 2.0950662
A73: 46244 | B73: =IF(A73="","",IFERROR(INT((A73-C3)/7)+I4,"")) -> 53 | C73: =C72-E73 -> 9743 | D73: =D72-F73 -> 752 | E73: 2 | F73: 2 | G73: =IF(A73="","",IFERROR(SUM(E$7:E73)/C4*100,"")) -> 2.4826121 | H73: 6066 | I73: 5859 | J73: =IF(OR(A73="",H73="",H73=0),"",I73/H73*100) -> 96.587537 | K73: =IF(OR(A73="",C73="",C73=0),"",H73/C73*100) -> 62.260084 | L73: 67.9 | M73: 1574 | N73: 88 | O73: =IF(OR(A73="",C73="",C73=0),"",M73/C73*1000) -> 161.55188 | P73: =IF(OR(A73="",D73="",D73=0),"",N73/D73*1000) -> 117.02128 | Q73: 3469 | R73: =IF(OR(A73="",M73="",M73+N73=0),"",Q73/(M73+N73)) -> 2.0872443
A74: 46245 | B74: =IF(A74="","",IFERROR(INT((A74-C3)/7)+I4,"")) -> 53 | C74: =C73-E74 -> 9737 | D74: =D73-F74 -> 751 | E74: 6 | F74: 1 | G74: =IF(A74="","",IFERROR(SUM(E$7:E74)/C4*100,"")) -> 2.5405719 | H74: 6214 | I74: 5985 | J74: =IF(OR(A74="",H74="",H74=0),"",I74/H74*100) -> 96.314773 | K74: =IF(OR(A74="",C74="",C74=0),"",H74/C74*100) -> 63.818425 | L74: 67.7 | M74: 1574 | N74: 88 | O74: =IF(OR(A74="",C74="",C74=0),"",M74/C74*1000) -> 161.65143 | P74: =IF(OR(A74="",D74="",D74=0),"",N74/D74*1000) -> 117.1771 | Q74: 3161 | R74: =IF(OR(A74="",M74="",M74+N74=0),"",Q74/(M74+N74)) -> 1.9019254
A75: 46246 | B75: =IF(A75="","",IFERROR(INT((A75-C3)/7)+I4,"")) -> 53 | C75: =C74-E75 -> 9732 | D75: =D74-F75 -> 750 | E75: 5 | F75: 1 | G75: =IF(A75="","",IFERROR(SUM(E$7:E75)/C4*100,"")) -> 2.5888717 | H75: 6061 | I75: 5868 | J75: =IF(OR(A75="",H75="",H75=0),"",I75/H75*100) -> 96.815707 | K75: =IF(OR(A75="",C75="",C75=0),"",H75/C75*100) -> 62.279079 | L75: 67.8 | M75: 1566 | N75: 88 | O75: =IF(OR(A75="",C75="",C75=0),"",M75/C75*1000) -> 160.91245 | P75: =IF(OR(A75="",D75="",D75=0),"",N75/D75*1000) -> 117.33333 | Q75: 3203 | R75: =IF(OR(A75="",M75="",M75+N75=0),"",Q75/(M75+N75)) -> 1.9365175
A76: 46247 | B76: =IF(A76="","",IFERROR(INT((A76-C3)/7)+I4,"")) -> 53 | C76: =C75-E76 -> 9731 | D76: =D75-F76 -> 749 | E76: 1 | F76: 1 | G76: =IF(A76="","",IFERROR(SUM(E$7:E76)/C4*100,"")) -> 2.5985317 | H76: 6114 | I76: 5912 | J76: =IF(OR(A76="",H76="",H76=0),"",I76/H76*100) -> 96.696107 | K76: =IF(OR(A76="",C76="",C76=0),"",H76/C76*100) -> 62.830131 | L76: 67.4 | M76: 1566 | N76: 88 | O76: =IF(OR(A76="",C76="",C76=0),"",M76/C76*1000) -> 160.92899 | P76: =IF(OR(A76="",D76="",D76=0),"",N76/D76*1000) -> 117.48999 | Q76: 3238 | R76: =IF(OR(A76="",M76="",M76+N76=0),"",Q76/(M76+N76)) -> 1.9576784
A77: 46248 | B77: =IF(A77="","",IFERROR(INT((A77-C3)/7)+I4,"")) -> 54 | C77: =C76-E77 -> 9727 | D77: =D76-F77 -> 748 | E77: 4 | F77: 1 | G77: =IF(A77="","",IFERROR(SUM(E$7:E77)/C4*100,"")) -> 2.6371716 | H77: 6203 | I77: 5997 | J77: =IF(OR(A77="",H77="",H77=0),"",I77/H77*100) -> 96.679026 | K77: =IF(OR(A77="",C77="",C77=0),"",H77/C77*100) -> 63.770947 | L77: 67.6 | M77: 1566 | N77: 88 | O77: =IF(OR(A77="",C77="",C77=0),"",M77/C77*1000) -> 160.99517 | P77: =IF(OR(A77="",D77="",D77=0),"",N77/D77*1000) -> 117.64706 | Q77: 3404 | R77: =IF(OR(A77="",M77="",M77+N77=0),"",Q77/(M77+N77)) -> 2.0580411
A78: 46249 | B78: =IF(A78="","",IFERROR(INT((A78-C3)/7)+I4,"")) -> 54 | C78: =C77-E78 -> 9726 | D78: =D77-F78 -> 748 | E78: 1 | F78: 0 | G78: =IF(A78="","",IFERROR(SUM(E$7:E78)/C4*100,"")) -> 2.6468315 | H78: 6202 | I78: 6013 | J78: =IF(OR(A78="",H78="",H78=0),"",I78/H78*100) -> 96.952596 | K78: =IF(OR(A78="",C78="",C78=0),"",H78/C78*100) -> 63.767222 | L78: 67.8 | M78: 1566 | N78: 88 | O78: =IF(OR(A78="",C78="",C78=0),"",M78/C78*1000) -> 161.01172 | P78: =IF(OR(A78="",D78="",D78=0),"",N78/D78*1000) -> 117.64706 | Q78: 3565 | R78: =IF(OR(A78="",M78="",M78+N78=0),"",Q78/(M78+N78)) -> 2.1553809
A79: 46250 | B79: =IF(A79="","",IFERROR(INT((A79-C3)/7)+I4,"")) -> 54 | C79: =C78-E79 -> 9723 | D79: =D78-F79 -> 748 | E79: 3 | F79: 0 | G79: =IF(A79="","",IFERROR(SUM(E$7:E79)/C4*100,"")) -> 2.6758114 | H79: 6109 | I79: 5910 | J79: =IF(OR(A79="",H79="",H79=0),"",I79/H79*100) -> 96.742511 | K79: =IF(OR(A79="",C79="",C79=0),"",H79/C79*100) -> 62.830402 | L79: 67.7 | M79: 1566 | N79: 88 | O79: =IF(OR(A79="",C79="",C79=0),"",M79/C79*1000) -> 161.0614 | P79: =IF(OR(A79="",D79="",D79=0),"",N79/D79*1000) -> 117.64706 | Q79: 3224 | R79: =IF(OR(A79="",M79="",M79+N79=0),"",Q79/(M79+N79)) -> 1.949214
A80: 46251 | B80: =IF(A80="","",IFERROR(INT((A80-C3)/7)+I4,"")) -> 54 | C80: =C79-E80 -> 9720 | D80: =D79-F80 -> 746 | E80: 3 | F80: 2 | G80: =IF(A80="","",IFERROR(SUM(E$7:E80)/C4*100,"")) -> 2.7047913 | H80: 6131 | I80: 5928 | J80: =IF(OR(A80="",H80="",H80=0),"",I80/H80*100) -> 96.688958 | K80: =IF(OR(A80="",C80="",C80=0),"",H80/C80*100) -> 63.076132 | L80: 67.9 | M80: 1566 | N80: 88 | O80: =IF(OR(A80="",C80="",C80=0),"",M80/C80*1000) -> 161.11111 | P80: =IF(OR(A80="",D80="",D80=0),"",N80/D80*1000) -> 117.96247 | Q80: 3467 | R80: =IF(OR(A80="",M80="",M80+N80=0),"",Q80/(M80+N80)) -> 2.0961306
A81: 46252 | B81: =IF(A81="","",IFERROR(INT((A81-C3)/7)+I4,"")) -> 54 | C81: =C80-E81 -> 9720 | D81: =D80-F81 -> 745 | E81: 0 | F81: 1 | G81: =IF(A81="","",IFERROR(SUM(E$7:E81)/C4*100,"")) -> 2.7047913 | H81: 6074 | I81: 5865 | J81: =IF(OR(A81="",H81="",H81=0),"",I81/H81*100) -> 96.559104 | K81: =IF(OR(A81="",C81="",C81=0),"",H81/C81*100) -> 62.489712 | L81: 68.3 | M81: 1566 | N81: 88 | O81: =IF(OR(A81="",C81="",C81=0),"",M81/C81*1000) -> 161.11111 | P81: =IF(OR(A81="",D81="",D81=0),"",N81/D81*1000) -> 118.12081 | Q81: 3553 | R81: =IF(OR(A81="",M81="",M81+N81=0),"",Q81/(M81+N81)) -> 2.1481258
A82: 46253 | B82: =IF(A82="","",IFERROR(INT((A82-C3)/7)+I4,"")) -> 54 | C82: =C81-E82 -> 9719 | D82: =D81-F82 -> 744 | E82: 1 | F82: 1 | G82: =IF(A82="","",IFERROR(SUM(E$7:E82)/C4*100,"")) -> 2.7144513 | H82: 5955 | I82: 5778 | J82: =IF(OR(A82="",H82="",H82=0),"",I82/H82*100) -> 97.027708 | K82: =IF(OR(A82="",C82="",C82=0),"",H82/C82*100) -> 61.271736 | L82: 68.3 | M82: 1566 | N82: 88 | O82: =IF(OR(A82="",C82="",C82=0),"",M82/C82*1000) -> 161.12769 | P82: =IF(OR(A82="",D82="",D82=0),"",N82/D82*1000) -> 118.27957 | Q82: 3419 | R82: =IF(OR(A82="",M82="",M82+N82=0),"",Q82/(M82+N82)) -> 2.06711
A83: 46254 | B83: =IF(A83="","",IFERROR(INT((A83-C3)/7)+I4,"")) -> 54 | C83: =C82-E83 -> 9713 | D83: =D82-F83 -> 741 | E83: 6 | F83: 3 | G83: =IF(A83="","",IFERROR(SUM(E$7:E83)/C4*100,"")) -> 2.7724111 | H83: 5842 | I83: 5639 | J83: =IF(OR(A83="",H83="",H83=0),"",I83/H83*100) -> 96.525163 | K83: =IF(OR(A83="",C83="",C83=0),"",H83/C83*100) -> 60.146196 | L83: 68.4 | M83: 1566 | N83: 88 | O83: =IF(OR(A83="",C83="",C83=0),"",M83/C83*1000) -> 161.22722 | P83: =IF(OR(A83="",D83="",D83=0),"",N83/D83*1000) -> 118.75843 | Q83: 3119 | R83: =IF(OR(A83="",M83="",M83+N83=0),"",Q83/(M83+N83)) -> 1.8857316
A84: 46255 | B84: =IF(A84="","",IFERROR(INT((A84-C3)/7)+I4,"")) -> 55 | C84: =C83-E84 -> 9712 | D84: =D83-F84 -> 739 | E84: 1 | F84: 2 | G84: =IF(A84="","",IFERROR(SUM(E$7:E84)/C4*100,"")) -> 2.7820711 | H84: 6012 | I84: 5828 | J84: =IF(OR(A84="",H84="",H84=0),"",I84/H84*100) -> 96.939454 | K84: =IF(OR(A84="",C84="",C84=0),"",H84/C84*100) -> 61.902801 | L84: 68.4 | M84: 1566 | N84: 88 | O84: =IF(OR(A84="",C84="",C84=0),"",M84/C84*1000) -> 161.24382 | P84: =IF(OR(A84="",D84="",D84=0),"",N84/D84*1000) -> 119.07984 | Q84: 3339 | R84: =IF(OR(A84="",M84="",M84+N84=0),"",Q84/(M84+N84)) -> 2.0187424
A85: 46256 | B85: =IF(A85="","",IFERROR(INT((A85-C3)/7)+I4,"")) -> 55 | C85: =C84-E85 -> 9711 | D85: =D84-F85 -> 738 | E85: 1 | F85: 1 | G85: =IF(A85="","",IFERROR(SUM(E$7:E85)/C4*100,"")) -> 2.7917311 | H85: 6144 | I85: 5865 | J85: =IF(OR(A85="",H85="",H85=0),"",I85/H85*100) -> 95.458984 | K85: =IF(OR(A85="",C85="",C85=0),"",H85/C85*100) -> 63.268458 | L85: 68.3 | M85: 1566 | N85: 88 | O85: =IF(OR(A85="",C85="",C85=0),"",M85/C85*1000) -> 161.26043 | P85: =IF(OR(A85="",D85="",D85=0),"",N85/D85*1000) -> 119.24119 | Q85: 3102 | R85: =IF(OR(A85="",M85="",M85+N85=0),"",Q85/(M85+N85)) -> 1.8754534
A86: 46257 | B86: =IF(A86="","",IFERROR(INT((A86-C3)/7)+I4,"")) -> 55 | C86: =C85-E86 -> 9709 | D86: =D85-F86 -> 738 | E86: 2 | F86: 0 | G86: =IF(A86="","",IFERROR(SUM(E$7:E86)/C4*100,"")) -> 2.811051 | H86: 5789 | I86: 5597 | J86: =IF(OR(A86="",H86="",H86=0),"",I86/H86*100) -> 96.683365 | K86: =IF(OR(A86="",C86="",C86=0),"",H86/C86*100) -> 59.62509 | L86: 68.4 | M86: 1566 | N86: 88 | O86: =IF(OR(A86="",C86="",C86=0),"",M86/C86*1000) -> 161.29365 | P86: =IF(OR(A86="",D86="",D86=0),"",N86/D86*1000) -> 119.24119 | Q86: 3135 | R86: =IF(OR(A86="",M86="",M86+N86=0),"",Q86/(M86+N86)) -> 1.8954051
A87: 46258 | B87: =IF(A87="","",IFERROR(INT((A87-C3)/7)+I4,"")) -> 55 | C87: =C86-E87 -> 9706 | D87: =D86-F87 -> 737 | E87: 3 | F87: 1 | G87: =IF(A87="","",IFERROR(SUM(E$7:E87)/C4*100,"")) -> 2.8400309 | H87: 6209 | I87: 5925 | J87: =IF(OR(A87="",H87="",H87=0),"",I87/H87*100) -> 95.425995 | K87: =IF(OR(A87="",C87="",C87=0),"",H87/C87*100) -> 63.97074 | L87: 59.6 | M87: 1566 | N87: 84 | O87: =IF(OR(A87="",C87="",C87=0),"",M87/C87*1000) -> 161.3435 | P87: =IF(OR(A87="",D87="",D87=0),"",N87/D87*1000) -> 113.97558 | Q87: 3255 | R87: =IF(OR(A87="",M87="",M87+N87=0),"",Q87/(M87+N87)) -> 1.9727273
A88: 46259 | B88: =IF(A88="","",IFERROR(INT((A88-C3)/7)+I4,"")) -> 55 | C88: =C87-E88 -> 9705 | D88: =D87-F88 -> 735 | E88: 1 | F88: 2 | G88: =IF(A88="","",IFERROR(SUM(E$7:E88)/C4*100,"")) -> 2.8496909 | H88: 6052 | I88: 5794 | J88: =IF(OR(A88="",H88="",H88=0),"",I88/H88*100) -> 95.736946 | K88: =IF(OR(A88="",C88="",C88=0),"",H88/C88*100) -> 62.359608 | L88: 63.9 | M88: 1566 | N88: 84 | O88: =IF(OR(A88="",C88="",C88=0),"",M88/C88*1000) -> 161.36012 | P88: =IF(OR(A88="",D88="",D88=0),"",N88/D88*1000) -> 114.28571 | Q88: 3202 | R88: =IF(OR(A88="",M88="",M88+N88=0),"",Q88/(M88+N88)) -> 1.9406061
A89: 46260 | B89: =IF(A89="","",IFERROR(INT((A89-C3)/7)+I4,"")) -> 55 | C89: =C88-E89 -> 9703 | D89: =D88-F89 -> 734 | E89: 2 | F89: 1 | G89: =IF(A89="","",IFERROR(SUM(E$7:E89)/C4*100,"")) -> 2.8690108 | H89: 5768 | I89: 5558 | J89: =IF(OR(A89="",H89="",H89=0),"",I89/H89*100) -> 96.359223 | K89: =IF(OR(A89="",C89="",C89=0),"",H89/C89*100) -> 59.445532 | L89: 62.3 | M89: 1566 | N89: 84 | O89: =IF(OR(A89="",C89="",C89=0),"",M89/C89*1000) -> 161.39338 | P89: =IF(OR(A89="",D89="",D89=0),"",N89/D89*1000) -> 114.44142 | Q89: 3127 | R89: =IF(OR(A89="",M89="",M89+N89=0),"",Q89/(M89+N89)) -> 1.8951515
A90: 46261 | B90: =IF(A90="","",IFERROR(INT((A90-C3)/7)+I4,"")) -> 55 | C90: =C89-E90 -> 9701 | D90: =D89-F90 -> 734 | E90: 2 | F90: 0 | G90: =IF(A90="","",IFERROR(SUM(E$7:E90)/C4*100,"")) -> 2.8883308 | H90: 6118 | I90: 5829 | J90: =IF(OR(A90="",H90="",H90=0),"",I90/H90*100) -> 95.276234 | K90: =IF(OR(A90="",C90="",C90=0),"",H90/C90*100) -> 63.065663 | L90: 59.4 | M90: 1566 | N90: 84 | O90: =IF(OR(A90="",C90="",C90=0),"",M90/C90*1000) -> 161.42666 | P90: =IF(OR(A90="",D90="",D90=0),"",N90/D90*1000) -> 114.44142 | Q90: 3240 | R90: =IF(OR(A90="",M90="",M90+N90=0),"",Q90/(M90+N90)) -> 1.9636364
A91: 46262 | B91: =IF(A91="","",IFERROR(INT((A91-C3)/7)+I4,"")) -> 56 | C91: =C90-E91 -> 9698 | D91: =D90-F91 -> 734 | E91: 3 | F91: 0 | G91: =IF(A91="","",IFERROR(SUM(E$7:E91)/C4*100,"")) -> 2.9173107 | H91: 5966 | I91: 5770 | J91: =IF(OR(A91="",H91="",H91=0),"",I91/H91*100) -> 96.714717 | K91: =IF(OR(A91="",C91="",C91=0),"",H91/C91*100) -> 61.517839 | L91: 63 | M91: 1566 | N91: 84 | O91: =IF(OR(A91="",C91="",C91=0),"",M91/C91*1000) -> 161.47659 | P91: =IF(OR(A91="",D91="",D91=0),"",N91/D91*1000) -> 114.44142 | Q91: 3349 | R91: =IF(OR(A91="",M91="",M91+N91=0),"",Q91/(M91+N91)) -> 2.029697
A92: 46263 | B92: =IF(A92="","",IFERROR(INT((A92-C3)/7)+I4,"")) -> 56 | C92: =C91-E92 -> 9693 | D92: =D91-F92 -> 733 | E92: 5 | F92: 1 | G92: =IF(A92="","",IFERROR(SUM(E$7:E92)/C4*100,"")) -> 2.9656105 | H92: 5902 | I92: 5730 | J92: =IF(OR(A92="",H92="",H92=0),"",I92/H92*100) -> 97.085734 | K92: =IF(OR(A92="",C92="",C92=0),"",H92/C92*100) -> 60.889302 | L92: 61.4 | M92: 1566 | N92: 84 | O92: =IF(OR(A92="",C92="",C92=0),"",M92/C92*1000) -> 161.55989 | P92: =IF(OR(A92="",D92="",D92=0),"",N92/D92*1000) -> 114.59754 | Q92: 3374 | R92: =IF(OR(A92="",M92="",M92+N92=0),"",Q92/(M92+N92)) -> 2.0448485
A93: 46264 | B93: =IF(A93="","",IFERROR(INT((A93-C3)/7)+I4,"")) -> 56 | C93: =C92-E93 -> 9692 | D93: =D92-F93 -> 732 | E93: 1 | F93: 1 | G93: =IF(A93="","",IFERROR(SUM(E$7:E93)/C4*100,"")) -> 2.9752705 | H93: 6042 | I93: 5892 | J93: =IF(OR(A93="",H93="",H93=0),"",I93/H93*100) -> 97.517378 | K93: =IF(OR(A93="",C93="",C93=0),"",H93/C93*100) -> 62.340074 | L93: 62.3 | M93: 1566 | N93: 84 | O93: =IF(OR(A93="",C93="",C93=0),"",M93/C93*1000) -> 161.57656 | P93: =IF(OR(A93="",D93="",D93=0),"",N93/D93*1000) -> 114.7541 | Q93: 3366 | R93: =IF(OR(A93="",M93="",M93+N93=0),"",Q93/(M93+N93)) -> 2.04
B94: =IF(A94="","",IFERROR(INT((A94-C3)/7)+I4,"")) | C94: =C93-E94 -> 9692 | D94: =D93-F94 -> 732 | G94: =IF(A94="","",IFERROR(SUM(E$7:E94)/C4*100,"")) | J94: =IF(OR(A94="",H94="",H94=0),"",I94/H94*100) | K94: =IF(OR(A94="",C94="",C94=0),"",H94/C94*100) | O94: =IF(OR(A94="",C94="",C94=0),"",M94/C94*1000) | P94: =IF(OR(A94="",D94="",D94=0),"",N94/D94*1000) | R94: =IF(OR(A94="",M94="",M94+N94=0),"",Q94/(M94+N94))
B95: =IF(A95="","",IFERROR(INT((A95-C3)/7)+I4,"")) | C95: =C94-E95 -> 9692 | D95: =D94-F95 -> 732 | G95: =IF(A95="","",IFERROR(SUM(E$7:E95)/C4*100,"")) | J95: =IF(OR(A95="",H95="",H95=0),"",I95/H95*100) | K95: =IF(OR(A95="",C95="",C95=0),"",H95/C95*100) | O95: =IF(OR(A95="",C95="",C95=0),"",M95/C95*1000) | P95: =IF(OR(A95="",D95="",D95=0),"",N95/D95*1000) | R95: =IF(OR(A95="",M95="",M95+N95=0),"",Q95/(M95+N95))
B96: =IF(A96="","",IFERROR(INT((A96-C3)/7)+I4,"")) | C96: =C95-E96 -> 9692 | D96: =D95-F96 -> 732 | G96: =IF(A96="","",IFERROR(SUM(E$7:E96)/C4*100,"")) | J96: =IF(OR(A96="",H96="",H96=0),"",I96/H96*100) | K96: =IF(OR(A96="",C96="",C96=0),"",H96/C96*100) | O96: =IF(OR(A96="",C96="",C96=0),"",M96/C96*1000) | P96: =IF(OR(A96="",D96="",D96=0),"",N96/D96*1000) | R96: =IF(OR(A96="",M96="",M96+N96=0),"",Q96/(M96+N96))
B97: =IF(A97="","",IFERROR(INT((A97-C3)/7)+I4,"")) | C97: =C96-E97 -> 9692 | G97: =IF(A97="","",IFERROR(SUM(E$7:E97)/C4*100,"")) | J97: =IF(OR(A97="",H97="",H97=0),"",I97/H97*100) | K97: =IF(OR(A97="",C97="",C97=0),"",H97/C97*100) | O97: =IF(OR(A97="",C97="",C97=0),"",M97/C97*1000) | P97: =IF(OR(A97="",D97="",D97=0),"",N97/D97*1000) | R97: =IF(OR(A97="",M97="",M97+N97=0),"",Q97/(M97+N97))
B98: =IF(A98="","",IFERROR(INT((A98-C3)/7)+I4,"")) | C98: =C97-E98 -> 9692 | G98: =IF(A98="","",IFERROR(SUM(E$7:E98)/C4*100,"")) | J98: =IF(OR(A98="",H98="",H98=0),"",I98/H98*100) | K98: =IF(OR(A98="",C98="",C98=0),"",H98/C98*100) | O98: =IF(OR(A98="",C98="",C98=0),"",M98/C98*1000) | P98: =IF(OR(A98="",D98="",D98=0),"",N98/D98*1000) | R98: =IF(OR(A98="",M98="",M98+N98=0),"",Q98/(M98+N98))
B99: =IF(A99="","",IFERROR(INT((A99-C3)/7)+I4,"")) | C99: =C98-E99 -> 9692 | G99: =IF(A99="","",IFERROR(SUM(E$7:E99)/C4*100,"")) | J99: =IF(OR(A99="",H99="",H99=0),"",I99/H99*100) | K99: =IF(OR(A99="",C99="",C99=0),"",H99/C99*100) | O99: =IF(OR(A99="",C99="",C99=0),"",M99/C99*1000) | P99: =IF(OR(A99="",D99="",D99=0),"",N99/D99*1000) | R99: =IF(OR(A99="",M99="",M99+N99=0),"",Q99/(M99+N99))
B100: =IF(A100="","",IFERROR(INT((A100-C3)/7)+I4,"")) | C100: =C99-E100 -> 9692 | G100: =IF(A100="","",IFERROR(SUM(E$7:E100)/C4*100,"")) | J100: =IF(OR(A100="",H100="",H100=0),"",I100/H100*100) | K100: =IF(OR(A100="",C100="",C100=0),"",H100/C100*100) | O100: =IF(OR(A100="",C100="",C100=0),"",M100/C100*1000) | P100: =IF(OR(A100="",D100="",D100=0),"",N100/D100*1000) | R100: =IF(OR(A100="",M100="",M100+N100=0),"",Q100/(M100+N100))
B101: =IF(A101="","",IFERROR(INT((A101-C3)/7)+I4,"")) | C101: =C100-E101 -> 9692 | G101: =IF(A101="","",IFERROR(SUM(E$7:E101)/C4*100,"")) | J101: =IF(OR(A101="",H101="",H101=0),"",I101/H101*100) | K101: =IF(OR(A101="",C101="",C101=0),"",H101/C101*100) | O101: =IF(OR(A101="",C101="",C101=0),"",M101/C101*1000) | P101: =IF(OR(A101="",D101="",D101=0),"",N101/D101*1000) | R101: =IF(OR(A101="",M101="",M101+N101=0),"",Q101/(M101+N101))
...

Sheet Dzienne 3
A1: Nazwa stada: | C1: Ferma za Lakiem K3
A2: Linia genetyczna: | C2: Ross 308
A3: Data wstawienia: | C3: 45870
A4: Kury wstawione: | C4: 10352 | E4: Koguty wstawione: | G4: 1101 | H4: Wiek wstaw. (tyg): | I4: 0
A6: Data | B6: Tyg.życia | C6: Kury żywe | D6: Koguty żywe | E6: Upadki kury | F6: Upadki koguty | G6: Upadki %kum. | H6: Jaja ogółem | I6: Jaja wylęg. | J6: % jaj wylęg. | K6: % nieśności | L6: Waga jaja(g) | M6: Pasza kury(kg) | N6: Pasza kog.(kg) | O6: Dawka kura(g) | P6: Dawka kog.(g) | Q6: Woda(l) | R6: Woda:Pasza | S6: Temp.kurnik°C | T6: Temp.magaz.jaj°C | U6: Waga kury(g) | V6: Waga kog.(g) | W6: Suplement./Leczenie | X6: Notatki wet.
A7: 46178 | B7: =IF(A7="","",IFERROR(INT((A7-C3)/7)+I4,"")) -> 44 | C7: 10153 | D7: 753 | E7: 1 | F7: 1 | G7: =IF(A7="","",IFERROR(SUM(E$7:E7)/C4*100,"")) -> 0.0096599691 | H7: 7496 | I7: 7323 | J7: =IF(OR(A7="",H7="",H7=0),"",I7/H7*100) -> 97.692102 | K7: =IF(OR(A7="",C7="",C7=0),"",H7/C7*100) -> 73.830395 | L7: 65 | M7: 1675 | N7: 71 | O7: =IF(OR(A7="",C7="",C7=0),"",M7/C7*1000) -> 164.97587 | P7: =IF(OR(A7="",D7="",D7=0),"",N7/D7*1000) -> 94.289509 | Q7: 3582 | R7: =IF(OR(A7="",M7="",M7+N7=0),"",Q7/(M7+N7)) -> 2.0515464
A8: 46179 | B8: =IF(A8="","",IFERROR(INT((A8-C3)/7)+I4,"")) -> 44 | C8: 10147 | D8: 748 | E8: 6 | F8: 5 | G8: =IF(A8="","",IFERROR(SUM(E$7:E8)/C4*100,"")) -> 0.067619784 | H8: 7579 | I8: 7391 | J8: =IF(OR(A8="",H8="",H8=0),"",I8/H8*100) -> 97.519462 | K8: =IF(OR(A8="",C8="",C8=0),"",H8/C8*100) -> 74.692027 | L8: 65.2 | M8: 1675 | N8: 71 | O8: =IF(OR(A8="",C8="",C8=0),"",M8/C8*1000) -> 165.07342 | P8: =IF(OR(A8="",D8="",D8=0),"",N8/D8*1000) -> 94.919786 | Q8: 3497 | R8: =IF(OR(A8="",M8="",M8+N8=0),"",Q8/(M8+N8)) -> 2.0028637
A9: 46180 | B9: =IF(A9="","",IFERROR(INT((A9-C3)/7)+I4,"")) -> 44 | C9: 10146 | D9: 748 | E9: 1 | G9: =IF(A9="","",IFERROR(SUM(E$7:E9)/C4*100,"")) -> 0.077279753 | H9: 7471 | I9: 7307 | J9: =IF(OR(A9="",H9="",H9=0),"",I9/H9*100) -> 97.804845 | K9: =IF(OR(A9="",C9="",C9=0),"",H9/C9*100) -> 73.63493 | L9: 65.1 | M9: 1674 | N9: 71 | O9: =IF(OR(A9="",C9="",C9=0),"",M9/C9*1000) -> 164.99113 | P9: =IF(OR(A9="",D9="",D9=0),"",N9/D9*1000) -> 94.919786 | Q9: 3460 | R9: =IF(OR(A9="",M9="",M9+N9=0),"",Q9/(M9+N9)) -> 1.982808
A10: 46181 | B10: =IF(A10="","",IFERROR(INT((A10-C3)/7)+I4,"")) -> 44 | C10: 10140 | D10: 746 | E10: 6 | F10: 2 | G10: =IF(A10="","",IFERROR(SUM(E$7:E10)/C4*100,"")) -> 0.13523957 | H10: 7589 | I10: 7373 | J10: =IF(OR(A10="",H10="",H10=0),"",I10/H10*100) -> 97.153775 | K10: =IF(OR(A10="",C10="",C10=0),"",H10/C10*100) -> 74.842209 | L10: 65.1 | M10: 1673 | N10: 71 | O10: =IF(OR(A10="",C10="",C10=0),"",M10/C10*1000) -> 164.99014 | P10: =IF(OR(A10="",D10="",D10=0),"",N10/D10*1000) -> 95.174263 | Q10: 3524 | R10: =IF(OR(A10="",M10="",M10+N10=0),"",Q10/(M10+N10)) -> 2.0206422
A11: 46182 | B11: =IF(A11="","",IFERROR(INT((A11-C3)/7)+I4,"")) -> 44 | C11: 10137 | D11: 745 | E11: 3 | F11: 1 | G11: =IF(A11="","",IFERROR(SUM(E$7:E11)/C4*100,"")) -> 0.16421947 | H11: 7421 | I11: 7222 | J11: =IF(OR(A11="",H11="",H11=0),"",I11/H11*100) -> 97.318421 | K11: =IF(OR(A11="",C11="",C11=0),"",H11/C11*100) -> 73.207063 | L11: 65.3 | M11: 1673 | N11: 71 | O11: =IF(OR(A11="",C11="",C11=0),"",M11/C11*1000) -> 165.03897 | P11: =IF(OR(A11="",D11="",D11=0),"",N11/D11*1000) -> 95.302013 | Q11: 3776 | R11: =IF(OR(A11="",M11="",M11+N11=0),"",Q11/(M11+N11)) -> 2.1651376
A12: 46183 | B12: =IF(A12="","",IFERROR(INT((A12-C3)/7)+I4,"")) -> 44 | C12: 10136 | D12: 744 | E12: 1 | F12: 1 | G12: =IF(A12="","",IFERROR(SUM(E$7:E12)/C4*100,"")) -> 0.17387944 | H12: 7459 | I12: 7253 | J12: =IF(OR(A12="",H12="",H12=0),"",I12/H12*100) -> 97.238236 | K12: =IF(OR(A12="",C12="",C12=0),"",H12/C12*100) -> 73.589187 | L12: 65.5 | M12: 1673 | N12: 71 | O12: =IF(OR(A12="",C12="",C12=0),"",M12/C12*1000) -> 165.05525 | P12: =IF(OR(A12="",D12="",D12=0),"",N12/D12*1000) -> 95.430108 | Q12: 3566 | R12: =IF(OR(A12="",M12="",M12+N12=0),"",Q12/(M12+N12)) -> 2.0447248 | X12: Avihepasilimerin 2l (W CIĄGŁYM PICIU DAWKA NA 1000LITRÓW WODY)
A13: 46184 | B13: =IF(A13="","",IFERROR(INT((A13-C3)/7)+I4,"")) -> 44 | C13: 10132 | D13: 742 | E13: 4 | F13: 2 | G13: =IF(A13="","",IFERROR(SUM(E$7:E13)/C4*100,"")) -> 0.21251932 | H13: 7384 | I13: 7238 | J13: =IF(OR(A13="",H13="",H13=0),"",I13/H13*100) -> 98.022752 | K13: =IF(OR(A13="",C13="",C13=0),"",H13/C13*100) -> 72.87801 | L13: 65.6 | M13: 1673 | N13: 71 | O13: =IF(OR(A13="",C13="",C13=0),"",M13/C13*1000) -> 165.12041 | P13: =IF(OR(A13="",D13="",D13=0),"",N13/D13*1000) -> 95.687332 | Q13: 3270 | R13: =IF(OR(A13="",M13="",M13+N13=0),"",Q13/(M13+N13)) -> 1.875 | U13: 4084 | V13: 4391 | X13: Avihepasilimerin 2l (W CIĄGŁYM PICIU DAWKA NA 1000LITRÓW WODY)
A14: 46185 | B14: =IF(A14="","",IFERROR(INT((A14-C3)/7)+I4,"")) -> 45 | C14: 10131 | D14: 741 | E14: 1 | F14: 1 | G14: =IF(A14="","",IFERROR(SUM(E$7:E14)/C4*100,"")) -> 0.22217929 | H14: 7433 | I14: 7283 | J14: =IF(OR(A14="",H14="",H14=0),"",I14/H14*100) -> 97.981972 | K14: =IF(OR(A14="",C14="",C14=0),"",H14/C14*100) -> 73.368868 | L14: 65.5 | M14: 1672 | N14: 76 | O14: =IF(OR(A14="",C14="",C14=0),"",M14/C14*1000) -> 165.038 | P14: =IF(OR(A14="",D14="",D14=0),"",N14/D14*1000) -> 102.5641 | Q14: 3442 | R14: =IF(OR(A14="",M14="",M14+N14=0),"",Q14/(M14+N14)) -> 1.9691076 | X14: Avihepasilimerin 2l (W CIĄGŁYM PICIU DAWKA NA 1000LITRÓW WODY)
A15: 46186 | B15: =IF(A15="","",IFERROR(INT((A15-C3)/7)+I4,"")) -> 45 | C15: 10131 | D15: 740 | F15: 1 | G15: =IF(A15="","",IFERROR(SUM(E$7:E15)/C4*100,"")) -> 0.22217929 | H15: 7321 | I15: 7149 | J15: =IF(OR(A15="",H15="",H15=0),"",I15/H15*100) -> 97.650594 | K15: =IF(OR(A15="",C15="",C15=0),"",H15/C15*100) -> 72.26335 | L15: 65.6 | M15: 1672 | N15: 76 | O15: =IF(OR(A15="",C15="",C15=0),"",M15/C15*1000) -> 165.038 | P15: =IF(OR(A15="",D15="",D15=0),"",N15/D15*1000) -> 102.7027 | Q15: 3341 | R15: =IF(OR(A15="",M15="",M15+N15=0),"",Q15/(M15+N15)) -> 1.9113272 | X15: Avihepasilimerin 2l (W CIĄGŁYM PICIU DAWKA NA 1000LITRÓW WODY)
A16: 46187 | B16: =IF(A16="","",IFERROR(INT((A16-C3)/7)+I4,"")) -> 45 | C16: 10130 | D16: 738 | E16: 1 | F16: 2 | G16: =IF(A16="","",IFERROR(SUM(E$7:E16)/C4*100,"")) -> 0.23183926 | H16: 7399 | I16: 7223 | J16: =IF(OR(A16="",H16="",H16=0),"",I16/H16*100) -> 97.6213 | K16: =IF(OR(A16="",C16="",C16=0),"",H16/C16*100) -> 73.040474 | L16: 65.5 | M16: 1672 | N16: 76 | O16: =IF(OR(A16="",C16="",C16=0),"",M16/C16*1000) -> 165.05429 | P16: =IF(OR(A16="",D16="",D16=0),"",N16/D16*1000) -> 102.98103 | Q16: 3383 | R16: =IF(OR(A16="",M16="",M16+N16=0),"",Q16/(M16+N16)) -> 1.9353547 | X16: Avihepasilimerin 2l (W CIĄGŁYM PICIU DAWKA NA 1000LITRÓW WODY)
A17: 46188 | B17: =IF(A17="","",IFERROR(INT((A17-C3)/7)+I4,"")) -> 45 | C17: 10127 | D17: 736 | E17: 3 | F17: 2 | G17: =IF(A17="","",IFERROR(SUM(E$7:E17)/C4*100,"")) -> 0.26081917 | H17: 7420 | I17: 7235 | J17: =IF(OR(A17="",H17="",H17=0),"",I17/H17*100) -> 97.506739 | K17: =IF(OR(A17="",C17="",C17=0),"",H17/C17*100) -> 73.269478 | L17: 65.5 | M17: 1672 | N17: 76 | O17: =IF(OR(A17="",C17="",C17=0),"",M17/C17*1000) -> 165.10319 | P17: =IF(OR(A17="",D17="",D17=0),"",N17/D17*1000) -> 103.26087 | Q17: 3631 | R17: =IF(OR(A17="",M17="",M17+N17=0),"",Q17/(M17+N17)) -> 2.0772311
A18: 46189 | B18: =IF(A18="","",IFERROR(INT((A18-C3)/7)+I4,"")) -> 45 | C18: 10122 | D18: 735 | E18: 5 | F18: 1 | G18: =IF(A18="","",IFERROR(SUM(E$7:E18)/C4*100,"")) -> 0.30911901 | H18: 7410 | I18: 7245 | J18: =IF(OR(A18="",H18="",H18=0),"",I18/H18*100) -> 97.773279 | K18: =IF(OR(A18="",C18="",C18=0),"",H18/C18*100) -> 73.206876 | L18: 65.5 | M18: 1672 | N18: 76 | O18: =IF(OR(A18="",C18="",C18=0),"",M18/C18*1000) -> 165.18475 | P18: =IF(OR(A18="",D18="",D18=0),"",N18/D18*1000) -> 103.40136 | Q18: 3395 | R18: =IF(OR(A18="",M18="",M18+N18=0),"",Q18/(M18+N18)) -> 1.9422197
A19: 46190 | B19: =IF(A19="","",IFERROR(INT((A19-C3)/7)+I4,"")) -> 45 | C19: 10120 | D19: 735 | E19: 2 | G19: =IF(A19="","",IFERROR(SUM(E$7:E19)/C4*100,"")) -> 0.32843895 | H19: 7351 | I19: 7151 | J19: =IF(OR(A19="",H19="",H19=0),"",I19/H19*100) -> 97.279282 | K19: =IF(OR(A19="",C19="",C19=0),"",H19/C19*100) -> 72.63834 | L19: 65.4 | M19: 1672 | N19: 76 | O19: =IF(OR(A19="",C19="",C19=0),"",M19/C19*1000) -> 165.21739 | P19: =IF(OR(A19="",D19="",D19=0),"",N19/D19*1000) -> 103.40136 | Q19: 3504 | R19: =IF(OR(A19="",M19="",M19+N19=0),"",Q19/(M19+N19)) -> 2.0045767
A20: 46191 | B20: =IF(A20="","",IFERROR(INT((A20-C3)/7)+I4,"")) -> 45 | C20: 10117 | D20: 734 | E20: 3 | F20: 1 | G20: =IF(A20="","",IFERROR(SUM(E$7:E20)/C4*100,"")) -> 0.35741886 | H20: 7347 | I20: 7186 | J20: =IF(OR(A20="",H20="",H20=0),"",I20/H20*100) -> 97.808629 | K20: =IF(OR(A20="",C20="",C20=0),"",H20/C20*100) -> 72.620342 | L20: 65.6 | M20: 1672 | N20: 76 | O20: =IF(OR(A20="",C20="",C20=0),"",M20/C20*1000) -> 165.26638 | P20: =IF(OR(A20="",D20="",D20=0),"",N20/D20*1000) -> 103.54223 | Q20: 3566 | R20: =IF(OR(A20="",M20="",M20+N20=0),"",Q20/(M20+N20)) -> 2.0400458 | U20: 4169 | V20: 4568
A21: 46192 | B21: =IF(A21="","",IFERROR(INT((A21-C3)/7)+I4,"")) -> 46 | C21: 10115 | D21: 734 | E21: 2 | G21: =IF(A21="","",IFERROR(SUM(E$7:E21)/C4*100,"")) -> 0.37673879 | H21: 7255 | I21: 7089 | J21: =IF(OR(A21="",H21="",H21=0),"",I21/H21*100) -> 97.711923 | K21: =IF(OR(A21="",C21="",C21=0),"",H21/C21*100) -> 71.725161 | L21: 65.7 | M21: 1659 | N21: 74 | O21: =IF(OR(A21="",C21="",C21=0),"",M21/C21*1000) -> 164.01384 | P21: =IF(OR(A21="",D21="",D21=0),"",N21/D21*1000) -> 100.81744 | Q21: 3710 | R21: =IF(OR(A21="",M21="",M21+N21=0),"",Q21/(M21+N21)) -> 2.1407963
A22: 46193 | B22: =IF(A22="","",IFERROR(INT((A22-C3)/7)+I4,"")) -> 46 | C22: 10112 | D22: 733 | E22: 3 | F22: 1 | G22: =IF(A22="","",IFERROR(SUM(E$7:E22)/C4*100,"")) -> 0.4057187 | H22: 7269 | I22: 7089 | J22: =IF(OR(A22="",H22="",H22=0),"",I22/H22*100) -> 97.523731 | K22: =IF(OR(A22="",C22="",C22=0),"",H22/C22*100) -> 71.884889 | L22: 65.7 | M22: 1659 | N22: 74 | O22: =IF(OR(A22="",C22="",C22=0),"",M22/C22*1000) -> 164.0625 | P22: =IF(OR(A22="",D22="",D22=0),"",N22/D22*1000) -> 100.95498 | Q22: 3945 | R22: =IF(OR(A22="",M22="",M22+N22=0),"",Q22/(M22+N22)) -> 2.2763993
A23: 46194 | B23: =IF(A23="","",IFERROR(INT((A23-C3)/7)+I4,"")) -> 46 | C23: 10111 | D23: 732 | E23: 1 | F23: 1 | G23: =IF(A23="","",IFERROR(SUM(E$7:E23)/C4*100,"")) -> 0.41537867 | H23: 7293 | I23: 7142 | J23: =IF(OR(A23="",H23="",H23=0),"",I23/H23*100) -> 97.929521 | K23: =IF(OR(A23="",C23="",C23=0),"",H23/C23*100) -> 72.129364 | L23: 65.7 | M23: 1659 | N23: 74 | O23: =IF(OR(A23="",C23="",C23=0),"",M23/C23*1000) -> 164.07873 | P23: =IF(OR(A23="",D23="",D23=0),"",N23/D23*1000) -> 101.0929 | Q23: 3606 | R23: =IF(OR(A23="",M23="",M23+N23=0),"",Q23/(M23+N23)) -> 2.0807848
A24: 46195 | B24: =IF(A24="","",IFERROR(INT((A24-C3)/7)+I4,"")) -> 46 | C24: =C23-E24 -> 10110 | D24: =D23-F23 -> 731 | E24: 1 | F24: 1 | G24: =IF(A24="","",IFERROR(SUM(E$7:E24)/C4*100,"")) -> 0.42503864 | H24: 7137 | I24: 6961 | J24: =IF(OR(A24="",H24="",H24=0),"",I24/H24*100) -> 97.533978 | K24: =IF(OR(A24="",C24="",C24=0),"",H24/C24*100) -> 70.593472 | L24: 65.7 | M24: 1659 | N24: 74 | O24: =IF(OR(A24="",C24="",C24=0),"",M24/C24*1000) -> 164.09496 | P24: =IF(OR(A24="",D24="",D24=0),"",N24/D24*1000) -> 101.23119 | Q24: 3548 | R24: =IF(OR(A24="",M24="",M24+N24=0),"",Q24/(M24+N24)) -> 2.0473168
A25: 46196 | B25: =IF(A25="","",IFERROR(INT((A25-C3)/7)+I4,"")) -> 46 | C25: =C24-E25 -> 10109 | D25: =D24-F24 -> 730 | E25: 1 | G25: =IF(A25="","",IFERROR(SUM(E$7:E25)/C4*100,"")) -> 0.43469861 | H25: 7151 | I25: 6979 | J25: =IF(OR(A25="",H25="",H25=0),"",I25/H25*100) -> 97.594742 | K25: =IF(OR(A25="",C25="",C25=0),"",H25/C25*100) -> 70.738945 | L25: 65.8 | M25: 1659 | N25: 74 | O25: =IF(OR(A25="",C25="",C25=0),"",M25/C25*1000) -> 164.11119 | P25: =IF(OR(A25="",D25="",D25=0),"",N25/D25*1000) -> 101.36986 | Q25: 3455 | R25: =IF(OR(A25="",M25="",M25+N25=0),"",Q25/(M25+N25)) -> 1.9936526
A26: 46197 | B26: =IF(A26="","",IFERROR(INT((A26-C3)/7)+I4,"")) -> 46 | C26: =C25-E26 -> 10106 | D26: =D25-F25 -> 730 | E26: 3 | G26: =IF(A26="","",IFERROR(SUM(E$7:E26)/C4*100,"")) -> 0.46367852 | H26: 7174 | I26: 6988 | J26: =IF(OR(A26="",H26="",H26=0),"",I26/H26*100) -> 97.407304 | K26: =IF(OR(A26="",C26="",C26=0),"",H26/C26*100) -> 70.987532 | L26: 65.9 | M26: 1659 | N26: 74 | O26: =IF(OR(A26="",C26="",C26=0),"",M26/C26*1000) -> 164.15991 | P26: =IF(OR(A26="",D26="",D26=0),"",N26/D26*1000) -> 101.36986 | Q26: 3629 | R26: =IF(OR(A26="",M26="",M26+N26=0),"",Q26/(M26+N26)) -> 2.0940565
A27: 46198 | B27: =IF(A27="","",IFERROR(INT((A27-C3)/7)+I4,"")) -> 46 | C27: =C26-E27 -> 10105 | D27: =D26-F26 -> 730 | E27: 1 | G27: =IF(A27="","",IFERROR(SUM(E$7:E27)/C4*100,"")) -> 0.47333849 | H27: 7186 | I27: 7010 | J27: =IF(OR(A27="",H27="",H27=0),"",I27/H27*100) -> 97.550793 | K27: =IF(OR(A27="",C27="",C27=0),"",H27/C27*100) -> 71.11331 | L27: 65.9 | M27: 1659 | N27: 74 | O27: =IF(OR(A27="",C27="",C27=0),"",M27/C27*1000) -> 164.17615 | P27: =IF(OR(A27="",D27="",D27=0),"",N27/D27*1000) -> 101.36986 | Q27: 3895 | R27: =IF(OR(A27="",M27="",M27+N27=0),"",Q27/(M27+N27)) -> 2.2475476 | U27: 4180 | V27: 4669
A28: 46199 | B28: =IF(A28="","",IFERROR(INT((A28-C3)/7)+I4,"")) -> 47 | C28: =C27-E28 -> 10105 | D28: =D27-F27 -> 730 | F28: 1 | G28: =IF(A28="","",IFERROR(SUM(E$7:E28)/C4*100,"")) -> 0.47333849 | H28: 7251 | I28: 7079 | J28: =IF(OR(A28="",H28="",H28=0),"",I28/H28*100) -> 97.627913 | K28: =IF(OR(A28="",C28="",C28=0),"",H28/C28*100) -> 71.756556 | L28: 65.9 | M28: 1657 | N28: 72 | O28: =IF(OR(A28="",C28="",C28=0),"",M28/C28*1000) -> 163.97823 | P28: =IF(OR(A28="",D28="",D28=0),"",N28/D28*1000) -> 98.630137 | Q28: 3736 | R28: =IF(OR(A28="",M28="",M28+N28=0),"",Q28/(M28+N28)) -> 2.1607866 | W28: Avizotonic 2l + Respiro 0,5l / 20l wody x 2
A29: 46200 | B29: =IF(A29="","",IFERROR(INT((A29-C3)/7)+I4,"")) -> 47 | C29: =C28-E29 -> 10101 | D29: =D28-F28 -> 729 | E29: 4 | G29: =IF(A29="","",IFERROR(SUM(E$7:E29)/C4*100,"")) -> 0.51197836 | H29: 7197 | I29: 7006 | J29: =IF(OR(A29="",H29="",H29=0),"",I29/H29*100) -> 97.346116 | K29: =IF(OR(A29="",C29="",C29=0),"",H29/C29*100) -> 71.250371 | L29: 65.9 | M29: 1657 | N29: 72 | O29: =IF(OR(A29="",C29="",C29=0),"",M29/C29*1000) -> 164.04316 | P29: =IF(OR(A29="",D29="",D29=0),"",N29/D29*1000) -> 98.765432 | Q29: 4053 | R29: =IF(OR(A29="",M29="",M29+N29=0),"",Q29/(M29+N29)) -> 2.3441296 | U29: 4180 | V29: 4669 | W29: Avizotonic 2l + Respiro 0,5l / 20l wody x 2
A30: 46201 | B30: =IF(A30="","",IFERROR(INT((A30-C3)/7)+I4,"")) -> 47 | C30: =C29-E30 -> 10098 | D30: =D29-F29 -> 729 | E30: 3 | F30: 1 | G30: =IF(A30="","",IFERROR(SUM(E$7:E30)/C4*100,"")) -> 0.54095827 | H30: 7385 | I30: 7228 | J30: =IF(OR(A30="",H30="",H30=0),"",I30/H30*100) -> 97.874069 | K30: =IF(OR(A30="",C30="",C30=0),"",H30/C30*100) -> 73.133294 | L30: 65.9 | M30: 1657 | N30: 72 | O30: =IF(OR(A30="",C30="",C30=0),"",M30/C30*1000) -> 164.0919 | P30: =IF(OR(A30="",D30="",D30=0),"",N30/D30*1000) -> 98.765432 | Q30: 4232 | R30: =IF(OR(A30="",M30="",M30+N30=0),"",Q30/(M30+N30)) -> 2.4476576 | W30: Avizotonic 2l + Respiro 0,5l / 20l wody x 2
A31: 46202 | B31: =IF(A31="","",IFERROR(INT((A31-C3)/7)+I4,"")) -> 47 | C31: =C30-E31 -> 10087 | D31: =D30-F30 -> 728 | E31: 11 | F31: 5 | G31: =IF(A31="","",IFERROR(SUM(E$7:E31)/C4*100,"")) -> 0.64721793 | H31: 6967 | I31: 6839 | J31: =IF(OR(A31="",H31="",H31=0),"",I31/H31*100) -> 98.162767 | K31: =IF(OR(A31="",C31="",C31=0),"",H31/C31*100) -> 69.069099 | L31: 66 | M31: 1654 | N31: 72 | O31: =IF(OR(A31="",C31="",C31=0),"",M31/C31*1000) -> 163.97343 | P31: =IF(OR(A31="",D31="",D31=0),"",N31/D31*1000) -> 98.901099 | Q31: 4361 | R31: =IF(OR(A31="",M31="",M31+N31=0),"",Q31/(M31+N31)) -> 2.5266512 | W31: Avizotonic 2l + Respiro 0,5l / 20l wody x 2
A32: 46203 | B32: =IF(A32="","",IFERROR(INT((A32-C3)/7)+I4,"")) -> 47 | C32: =C31-E32 -> 10079 | D32: =D31-F31 -> 723 | E32: 8 | F32: 2 | G32: =IF(A32="","",IFERROR(SUM(E$7:E32)/C4*100,"")) -> 0.72449768 | H32: 6889 | I32: 6756 | J32: =IF(OR(A32="",H32="",H32=0),"",I32/H32*100) -> 98.069386 | K32: =IF(OR(A32="",C32="",C32=0),"",H32/C32*100) -> 68.350035 | L32: 65.9 | M32: 1654 | N32: 72 | O32: =IF(OR(A32="",C32="",C32=0),"",M32/C32*1000) -> 164.10358 | P32: =IF(OR(A32="",D32="",D32=0),"",N32/D32*1000) -> 99.585062 | Q32: 3511 | R32: =IF(OR(A32="",M32="",M32+N32=0),"",Q32/(M32+N32)) -> 2.0341831 | W32: Avizotonic 2l + Respiro 0,5l / 20l wody x 2
A33: 46204 | B33: =IF(A33="","",IFERROR(INT((A33-C3)/7)+I4,"")) -> 47 | C33: =C32-E33 -> 10073 | D33: =D32-F32 -> 721 | E33: 6 | F33: 3 | G33: =IF(A33="","",IFERROR(SUM(E$7:E33)/C4*100,"")) -> 0.7824575 | H33: 6851 | I33: 6714 | J33: =IF(OR(A33="",H33="",H33=0),"",I33/H33*100) -> 98.000292 | K33: =IF(OR(A33="",C33="",C33=0),"",H33/C33*100) -> 68.013501 | L33: 65.8 | M33: 1654 | N33: 72 | O33: =IF(OR(A33="",C33="",C33=0),"",M33/C33*1000) -> 164.20133 | P33: =IF(OR(A33="",D33="",D33=0),"",N33/D33*1000) -> 99.861304 | Q33: 3064 | R33: =IF(OR(A33="",M33="",M33+N33=0),"",Q33/(M33+N33)) -> 1.7752028
A34: 46205 | B34: =IF(A34="","",IFERROR(INT((A34-C3)/7)+I4,"")) -> 47 | C34: =C33-E34 -> 10070 | D34: =D33-F33 -> 718 | E34: 3 | F34: 1 | G34: =IF(A34="","",IFERROR(SUM(E$7:E34)/C4*100,"")) -> 0.8114374 | H34: 7033 | I34: 6845 | J34: =IF(OR(A34="",H34="",H34=0),"",I34/H34*100) -> 97.326888 | K34: =IF(OR(A34="",C34="",C34=0),"",H34/C34*100) -> 69.841112 | L34: 65.8 | M34: 1654 | N34: 72 | O34: =IF(OR(A34="",C34="",C34=0),"",M34/C34*1000) -> 164.25025 | P34: =IF(OR(A34="",D34="",D34=0),"",N34/D34*1000) -> 100.27855 | Q34: 3597 | R34: =IF(OR(A34="",M34="",M34+N34=0),"",Q34/(M34+N34)) -> 2.0840093
A35: 46206 | B35: =IF(A35="","",IFERROR(INT((A35-C3)/7)+I4,"")) -> 48 | C35: =C34-E35 -> 10067 | D35: =D34-F34 -> 717 | E35: 3 | F35: 0 | G35: =IF(A35="","",IFERROR(SUM(E$7:E35)/C4*100,"")) -> 0.84041731 | H35: 6845 | I35: 7087 | J35: =IF(OR(A35="",H35="",H35=0),"",I35/H35*100) -> 103.53543 | K35: =IF(OR(A35="",C35="",C35=0),"",H35/C35*100) -> 67.994437 | L35: 65.8 | M35: 1651 | N35: 7 | O35: =IF(OR(A35="",C35="",C35=0),"",M35/C35*1000) -> 164.00119 | P35: =IF(OR(A35="",D35="",D35=0),"",N35/D35*1000) -> 9.762901 | Q35: 3353 | R35: =IF(OR(A35="",M35="",M35+N35=0),"",Q35/(M35+N35)) -> 2.022316
A36: 46207 | B36: =IF(A36="","",IFERROR(INT((A36-C3)/7)+I4,"")) -> 48 | C36: =C35-E36 -> 10062 | D36: =D35-F35 -> 717 | E36: 5 | F36: 5 | G36: =IF(A36="","",IFERROR(SUM(E$7:E36)/C4*100,"")) -> 0.88871716 | H36: 7087 | I36: 6671 | J36: =IF(OR(A36="",H36="",H36=0),"",I36/H36*100) -> 94.130097 | K36: =IF(OR(A36="",C36="",C36=0),"",H36/C36*100) -> 70.433313 | L36: 65.9 | M36: 1661 | N36: 7 | O36: =IF(OR(A36="",C36="",C36=0),"",M36/C36*1000) -> 165.07653 | P36: =IF(OR(A36="",D36="",D36=0),"",N36/D36*1000) -> 9.762901 | Q36: 2940 | R36: =IF(OR(A36="",M36="",M36+N36=0),"",Q36/(M36+N36)) -> 1.7625899 | W36: Woxsol 2kg / 50 l wody
A37: 46208 | B37: =IF(A37="","",IFERROR(INT((A37-C3)/7)+I4,"")) -> 48 | C37: =C36-E37 -> 10056 | D37: =D36-F36 -> 712 | E37: 6 | F37: 3 | G37: =IF(A37="","",IFERROR(SUM(E$7:E37)/C4*100,"")) -> 0.94667697 | H37: 6671 | I37: 6851 | J37: =IF(OR(A37="",H37="",H37=0),"",I37/H37*100) -> 102.69825 | K37: =IF(OR(A37="",C37="",C37=0),"",H37/C37*100) -> 66.338504 | L37: 66 | M37: 1660 | N37: 72 | O37: =IF(OR(A37="",C37="",C37=0),"",M37/C37*1000) -> 165.07558 | P37: =IF(OR(A37="",D37="",D37=0),"",N37/D37*1000) -> 101.1236 | Q37: 3220 | R37: =IF(OR(A37="",M37="",M37+N37=0),"",Q37/(M37+N37)) -> 1.8591224
A38: 46209 | B38: =IF(A38="","",IFERROR(INT((A38-C3)/7)+I4,"")) -> 48 | C38: =C37-E38 -> 10050 | D38: =D37-F37 -> 709 | E38: 6 | F38: 1 | G38: =IF(A38="","",IFERROR(SUM(E$7:E38)/C4*100,"")) -> 1.0046368 | H38: 6910 | I38: 6759 | J38: =IF(OR(A38="",H38="",H38=0),"",I38/H38*100) -> 97.814761 | K38: =IF(OR(A38="",C38="",C38=0),"",H38/C38*100) -> 68.756219 | L38: 66 | M38: 1659 | N38: 72 | O38: =IF(OR(A38="",C38="",C38=0),"",M38/C38*1000) -> 165.07463 | P38: =IF(OR(A38="",D38="",D38=0),"",N38/D38*1000) -> 101.55148 | Q38: 3259 | R38: =IF(OR(A38="",M38="",M38+N38=0),"",Q38/(M38+N38)) -> 1.8827267
A39: 46210 | B39: =IF(A39="","",IFERROR(INT((A39-C3)/7)+I4,"")) -> 48 | C39: =C38-E39 -> 10043 | D39: =D38-F38 -> 708 | E39: 7 | F39: 0 | G39: =IF(A39="","",IFERROR(SUM(E$7:E39)/C4*100,"")) -> 1.0722566 | H39: 6953 | I39: 6808 | J39: =IF(OR(A39="",H39="",H39=0),"",I39/H39*100) -> 97.914569 | K39: =IF(OR(A39="",C39="",C39=0),"",H39/C39*100) -> 69.232301 | L39: 66 | M39: 1657 | N39: 71 | O39: =IF(OR(A39="",C39="",C39=0),"",M39/C39*1000) -> 164.99054 | P39: =IF(OR(A39="",D39="",D39=0),"",N39/D39*1000) -> 100.28249 | Q39: 3092 | R39: =IF(OR(A39="",M39="",M39+N39=0),"",Q39/(M39+N39)) -> 1.7893519
A40: 46211 | B40: =IF(A40="","",IFERROR(INT((A40-C3)/7)+I4,"")) -> 48 | C40: =C39-E40 -> 10040 | D40: =D39-F39 -> 708 | E40: 3 | F40: 0 | G40: =IF(A40="","",IFERROR(SUM(E$7:E40)/C4*100,"")) -> 1.1012365 | H40: 6939 | I40: 6773 | J40: =IF(OR(A40="",H40="",H40=0),"",I40/H40*100) -> 97.607724 | K40: =IF(OR(A40="",C40="",C40=0),"",H40/C40*100) -> 69.113546 | L40: 65.9 | M40: 1657 | N40: 71 | O40: =IF(OR(A40="",C40="",C40=0),"",M40/C40*1000) -> 165.03984 | P40: =IF(OR(A40="",D40="",D40=0),"",N40/D40*1000) -> 100.28249 | Q40: 3207 | R40: =IF(OR(A40="",M40="",M40+N40=0),"",Q40/(M40+N40)) -> 1.8559028
A41: 46212 | B41: =IF(A41="","",IFERROR(INT((A41-C3)/7)+I4,"")) -> 48 | C41: =C40-E41 -> 10038 | D41: =D40-F40 -> 708 | E41: 2 | F41: 1 | G41: =IF(A41="","",IFERROR(SUM(E$7:E41)/C4*100,"")) -> 1.1205564 | H41: 6941 | I41: 6797 | J41: =IF(OR(A41="",H41="",H41=0),"",I41/H41*100) -> 97.925371 | K41: =IF(OR(A41="",C41="",C41=0),"",H41/C41*100) -> 69.14724 | L41: 69.1 | M41: 1657 | N41: 71 | O41: =IF(OR(A41="",C41="",C41=0),"",M41/C41*1000) -> 165.07272 | P41: =IF(OR(A41="",D41="",D41=0),"",N41/D41*1000) -> 100.28249 | Q41: 3343 | R41: =IF(OR(A41="",M41="",M41+N41=0),"",Q41/(M41+N41)) -> 1.9346065
A42: 46213 | B42: =IF(A42="","",IFERROR(INT((A42-C3)/7)+I4,"")) -> 49 | C42: =C41-E42 -> 10034 | D42: =D41-F41 -> 707 | E42: 4 | F42: 3 | G42: =IF(A42="","",IFERROR(SUM(E$7:E42)/C4*100,"")) -> 1.1591963 | H42: 6808 | I42: 6662 | J42: =IF(OR(A42="",H42="",H42=0),"",I42/H42*100) -> 97.855464 | K42: =IF(OR(A42="",C42="",C42=0),"",H42/C42*100) -> 67.849312 | L42: 67.8 | M42: 1656 | N42: 71 | O42: =IF(OR(A42="",C42="",C42=0),"",M42/C42*1000) -> 165.03887 | P42: =IF(OR(A42="",D42="",D42=0),"",N42/D42*1000) -> 100.42433 | Q42: 3392 | R42: =IF(OR(A42="",M42="",M42+N42=0),"",Q42/(M42+N42)) -> 1.9640996 | U42: 4137 | V42: 4499
A43: 46214 | B43: =IF(A43="","",IFERROR(INT((A43-C3)/7)+I4,"")) -> 49 | C43: =C42-E43 -> 10029 | D43: =D42-F42 -> 704 | E43: 5 | F43: 0 | G43: =IF(A43="","",IFERROR(SUM(E$7:E43)/C4*100,"")) -> 1.2074961 | H43: 6865 | I43: 6698 | J43: =IF(OR(A43="",H43="",H43=0),"",I43/H43*100) -> 97.567371 | K43: =IF(OR(A43="",C43="",C43=0),"",H43/C43*100) -> 68.451491 | L43: 68.4 | M43: 1636 | N43: 70 | O43: =IF(OR(A43="",C43="",C43=0),"",M43/C43*1000) -> 163.12693 | P43: =IF(OR(A43="",D43="",D43=0),"",N43/D43*1000) -> 99.431818 | Q43: 3302 | R43: =IF(OR(A43="",M43="",M43+N43=0),"",Q43/(M43+N43)) -> 1.9355217
A44: 46215 | B44: =IF(A44="","",IFERROR(INT((A44-C3)/7)+I4,"")) -> 49 | C44: =C43-E44 -> 10028 | D44: =D43-F43 -> 704 | E44: 1 | F44: 4 | G44: =IF(A44="","",IFERROR(SUM(E$7:E44)/C4*100,"")) -> 1.2171561 | H44: 6849 | I44: 6696 | J44: =IF(OR(A44="",H44="",H44=0),"",I44/H44*100) -> 97.766097 | K44: =IF(OR(A44="",C44="",C44=0),"",H44/C44*100) -> 68.298763 | L44: 68.2 | M44: 1655 | N44: 70 | O44: =IF(OR(A44="",C44="",C44=0),"",M44/C44*1000) -> 165.03789 | P44: =IF(OR(A44="",D44="",D44=0),"",N44/D44*1000) -> 99.431818 | Q44: 3208 | R44: =IF(OR(A44="",M44="",M44+N44=0),"",Q44/(M44+N44)) -> 1.8597101
A45: 46216 | B45: =IF(A45="","",IFERROR(INT((A45-C3)/7)+I4,"")) -> 49 | C45: =C44-E45 -> 10027 | D45: =D44-F44 -> 700 | E45: 1 | F45: 0 | G45: =IF(A45="","",IFERROR(SUM(E$7:E45)/C4*100,"")) -> 1.2268161 | H45: 6904 | I45: 6771 | J45: =IF(OR(A45="",H45="",H45=0),"",I45/H45*100) -> 98.073581 | K45: =IF(OR(A45="",C45="",C45=0),"",H45/C45*100) -> 68.854094 | L45: 65.88 | M45: 1655 | N45: 70 | O45: =IF(OR(A45="",C45="",C45=0),"",M45/C45*1000) -> 165.05435 | P45: =IF(OR(A45="",D45="",D45=0),"",N45/D45*1000) -> 100 | Q45: 3162 | R45: =IF(OR(A45="",M45="",M45+N45=0),"",Q45/(M45+N45)) -> 1.8330435
A46: 46217 | B46: =IF(A46="","",IFERROR(INT((A46-C3)/7)+I4,"")) -> 49 | C46: =C45-E46 -> 10025 | D46: =D45-F45 -> 700 | E46: 2 | F46: 1 | G46: =IF(A46="","",IFERROR(SUM(E$7:E46)/C4*100,"")) -> 1.246136 | H46: 6755 | I46: 6613 | J46: =IF(OR(A46="",H46="",H46=0),"",I46/H46*100) -> 97.897853 | K46: =IF(OR(A46="",C46="",C46=0),"",H46/C46*100) -> 67.381546 | L46: 65.9 | M46: 1655 | N46: 70 | O46: =IF(OR(A46="",C46="",C46=0),"",M46/C46*1000) -> 165.08728 | P46: =IF(OR(A46="",D46="",D46=0),"",N46/D46*1000) -> 100 | Q46: 3210 | R46: =IF(OR(A46="",M46="",M46+N46=0),"",Q46/(M46+N46)) -> 1.8608696
A47: 46218 | B47: =IF(A47="","",IFERROR(INT((A47-C3)/7)+I4,"")) -> 49 | C47: =C46-E47 -> 10005 | D47: =D46-F46 -> 699 | E47: 20 | F47: 1 | G47: =IF(A47="","",IFERROR(SUM(E$7:E47)/C4*100,"")) -> 1.4393354 | H47: 6674 | I47: 6515 | J47: =IF(OR(A47="",H47="",H47=0),"",I47/H47*100) -> 97.617621 | K47: =IF(OR(A47="",C47="",C47=0),"",H47/C47*100) -> 66.706647 | L47: 65.9 | M47: 1655 | N47: 70 | O47: =IF(OR(A47="",C47="",C47=0),"",M47/C47*1000) -> 165.41729 | P47: =IF(OR(A47="",D47="",D47=0),"",N47/D47*1000) -> 100.14306 | Q47: 3403 | R47: =IF(OR(A47="",M47="",M47+N47=0),"",Q47/(M47+N47)) -> 1.9727536
A48: 46219 | B48: =IF(A48="","",IFERROR(INT((A48-C3)/7)+I4,"")) -> 49 | C48: =C47-E48 -> 10000 | D48: =D47-F47 -> 698 | E48: 5 | F48: 1 | G48: =IF(A48="","",IFERROR(SUM(E$7:E48)/C4*100,"")) -> 1.4876352 | H48: 6780 | I48: 6641 | J48: =IF(OR(A48="",H48="",H48=0),"",I48/H48*100) -> 97.949853 | K48: =IF(OR(A48="",C48="",C48=0),"",H48/C48*100) -> 67.8 | L48: 65.7 | M48: 1655 | N48: 70 | O48: =IF(OR(A48="",C48="",C48=0),"",M48/C48*1000) -> 165.5 | P48: =IF(OR(A48="",D48="",D48=0),"",N48/D48*1000) -> 100.28653 | Q48: 3548 | R48: =IF(OR(A48="",M48="",M48+N48=0),"",Q48/(M48+N48)) -> 2.0568116
A49: 46220 | B49: =IF(A49="","",IFERROR(INT((A49-C3)/7)+I4,"")) -> 50 | C49: =C48-E49 -> 9998 | D49: =D48-F48 -> 697 | E49: 2 | F49: 0 | G49: =IF(A49="","",IFERROR(SUM(E$7:E49)/C4*100,"")) -> 1.5069552 | H49: 6658 | I49: 6471 | J49: =IF(OR(A49="",H49="",H49=0),"",I49/H49*100) -> 97.191349 | K49: =IF(OR(A49="",C49="",C49=0),"",H49/C49*100) -> 66.593319 | L49: 65.8 | M49: 1655 | N49: 70 | O49: =IF(OR(A49="",C49="",C49=0),"",M49/C49*1000) -> 165.53311 | P49: =IF(OR(A49="",D49="",D49=0),"",N49/D49*1000) -> 100.43042 | Q49: 3428 | R49: =IF(OR(A49="",M49="",M49+N49=0),"",Q49/(M49+N49)) -> 1.9872464 | U49: 3997
A50: 46221 | B50: =IF(A50="","",IFERROR(INT((A50-C3)/7)+I4,"")) -> 50 | C50: =C49-E50 -> 9993 | D50: =D49-F49 -> 697 | E50: 5 | F50: 1 | G50: =IF(A50="","",IFERROR(SUM(E$7:E50)/C4*100,"")) -> 1.555255 | H50: 6605 | I50: 6416 | J50: =IF(OR(A50="",H50="",H50=0),"",I50/H50*100) -> 97.138531 | K50: =IF(OR(A50="",C50="",C50=0),"",H50/C50*100) -> 66.096267 | L50: 65.8 | M50: 1655 | N50: 70 | O50: =IF(OR(A50="",C50="",C50=0),"",M50/C50*1000) -> 165.61593 | P50: =IF(OR(A50="",D50="",D50=0),"",N50/D50*1000) -> 100.43042 | Q50: 3053 | R50: =IF(OR(A50="",M50="",M50+N50=0),"",Q50/(M50+N50)) -> 1.7698551
A51: 46222 | B51: =IF(A51="","",IFERROR(INT((A51-C3)/7)+I4,"")) -> 50 | C51: =C50-E51 -> 9983 | D51: =D50-F50 -> 696 | E51: 10 | F51: 0 | G51: =IF(A51="","",IFERROR(SUM(E$7:E51)/C4*100,"")) -> 1.6518547 | H51: 6856 | I51: 6620 | J51: =IF(OR(A51="",H51="",H51=0),"",I51/H51*100) -> 96.55776 | K51: =IF(OR(A51="",C51="",C51=0),"",H51/C51*100) -> 68.67675 | L51: 65.6 | M51: 1655 | N51: 70 | O51: =IF(OR(A51="",C51="",C51=0),"",M51/C51*1000) -> 165.78183 | P51: =IF(OR(A51="",D51="",D51=0),"",N51/D51*1000) -> 100.57471 | Q51: 3258 | R51: =IF(OR(A51="",M51="",M51+N51=0),"",Q51/(M51+N51)) -> 1.8886957
A52: 46223 | B52: =IF(A52="","",IFERROR(INT((A52-C3)/7)+I4,"")) -> 50 | C52: =C51-E52 -> 9981 | D52: =D51-F51 -> 696 | E52: 2 | F52: 0 | G52: =IF(A52="","",IFERROR(SUM(E$7:E52)/C4*100,"")) -> 1.6711747 | H52: 6642 | I52: 6522 | J52: =IF(OR(A52="",H52="",H52=0),"",I52/H52*100) -> 98.193315 | K52: =IF(OR(A52="",C52="",C52=0),"",H52/C52*100) -> 66.546438 | L52: 65.4 | M52: 1655 | N52: 70 | O52: =IF(OR(A52="",C52="",C52=0),"",M52/C52*1000) -> 165.81505 | P52: =IF(OR(A52="",D52="",D52=0),"",N52/D52*1000) -> 100.57471 | Q52: 3055 | R52: =IF(OR(A52="",M52="",M52+N52=0),"",Q52/(M52+N52)) -> 1.7710145
A53: 46224 | B53: =IF(A53="","",IFERROR(INT((A53-C3)/7)+I4,"")) -> 50 | C53: =C52-E53 -> 9979 | D53: =D52-F52 -> 696 | E53: 2 | F53: 0 | G53: =IF(A53="","",IFERROR(SUM(E$7:E53)/C4*100,"")) -> 1.6904946 | H53: 6424 | I53: 6256 | J53: =IF(OR(A53="",H53="",H53=0),"",I53/H53*100) -> 97.384807 | K53: =IF(OR(A53="",C53="",C53=0),"",H53/C53*100) -> 64.375188 | L53: 65.4 | M53: 1647 | N53: 70 | O53: =IF(OR(A53="",C53="",C53=0),"",M53/C53*1000) -> 165.0466 | P53: =IF(OR(A53="",D53="",D53=0),"",N53/D53*1000) -> 100.57471 | Q53: 3131 | R53: =IF(OR(A53="",M53="",M53+N53=0),"",Q53/(M53+N53)) -> 1.8235294
A54: 46225 | B54: =IF(A54="","",IFERROR(INT((A54-C3)/7)+I4,"")) -> 50 | C54: =C53-E54 -> 9978 | D54: =D53-F53 -> 696 | E54: 1 | F54: 0 | G54: =IF(A54="","",IFERROR(SUM(E$7:E54)/C4*100,"")) -> 1.7001546 | H54: 651 | I54: 6343 | J54: =IF(OR(A54="",H54="",H54=0),"",I54/H54*100) -> 974.34716 | K54: =IF(OR(A54="",C54="",C54=0),"",H54/C54*100) -> 6.5243536 | L54: 65.1 | M54: 1647 | N54: 70 | O54: =IF(OR(A54="",C54="",C54=0),"",M54/C54*1000) -> 165.06314 | P54: =IF(OR(A54="",D54="",D54=0),"",N54/D54*1000) -> 100.57471 | Q54: 3138 | R54: =IF(OR(A54="",M54="",M54+N54=0),"",Q54/(M54+N54)) -> 1.8276063
A55: 46226 | B55: =IF(A55="","",IFERROR(INT((A55-C3)/7)+I4,"")) -> 50 | C55: =C54-E55 -> 9975 | D55: =D54-F54 -> 696 | E55: 3 | F55: 2 | G55: =IF(A55="","",IFERROR(SUM(E$7:E55)/C4*100,"")) -> 1.7291345 | H55: 6467 | I55: 6315 | J55: =IF(OR(A55="",H55="",H55=0),"",I55/H55*100) -> 97.649606 | K55: =IF(OR(A55="",C55="",C55=0),"",H55/C55*100) -> 64.83208 | L55: 65.4 | M55: 1647 | N55: 70 | O55: =IF(OR(A55="",C55="",C55=0),"",M55/C55*1000) -> 165.11278 | P55: =IF(OR(A55="",D55="",D55=0),"",N55/D55*1000) -> 100.57471 | Q55: 3239 | R55: =IF(OR(A55="",M55="",M55+N55=0),"",Q55/(M55+N55)) -> 1.8864298
A56: 46227 | B56: =IF(A56="","",IFERROR(INT((A56-C3)/7)+I4,"")) -> 51 | C56: =C55-E56 -> 9970 | D56: =D55-F55 -> 694 | E56: 5 | F56: 2 | G56: =IF(A56="","",IFERROR(SUM(E$7:E56)/C4*100,"")) -> 1.7774343 | H56: 6370 | I56: 6252 | J56: =IF(OR(A56="",H56="",H56=0),"",I56/H56*100) -> 98.147567 | K56: =IF(OR(A56="",C56="",C56=0),"",H56/C56*100) -> 63.891675 | L56: 65.6 | M56: 1666 | N56: 72 | O56: =IF(OR(A56="",C56="",C56=0),"",M56/C56*1000) -> 167.1013 | P56: =IF(OR(A56="",D56="",D56=0),"",N56/D56*1000) -> 103.7464 | Q56: 3369 | R56: =IF(OR(A56="",M56="",M56+N56=0),"",Q56/(M56+N56)) -> 1.938435
A57: 46228 | B57: =IF(A57="","",IFERROR(INT((A57-C3)/7)+I4,"")) -> 51 | C57: =C56-E57 -> 9968 | D57: =D56-F56 -> 692 | E57: 2 | F57: 1 | G57: =IF(A57="","",IFERROR(SUM(E$7:E57)/C4*100,"")) -> 1.7967543 | H57: 6743 | I57: 6573 | J57: =IF(OR(A57="",H57="",H57=0),"",I57/H57*100) -> 97.478867 | K57: =IF(OR(A57="",C57="",C57=0),"",H57/C57*100) -> 67.646469 | L57: 65.7 | M57: 1666 | N57: 72 | O57: =IF(OR(A57="",C57="",C57=0),"",M57/C57*1000) -> 167.13483 | P57: =IF(OR(A57="",D57="",D57=0),"",N57/D57*1000) -> 104.04624 | Q57: 3376 | R57: =IF(OR(A57="",M57="",M57+N57=0),"",Q57/(M57+N57)) -> 1.9424626
A58: 46229 | B58: =IF(A58="","",IFERROR(INT((A58-C3)/7)+I4,"")) -> 51 | C58: =C57-E58 -> 9965 | D58: =D57-F57 -> 691 | E58: 3 | F58: 1 | G58: =IF(A58="","",IFERROR(SUM(E$7:E58)/C4*100,"")) -> 1.8257342 | H58: 6610 | I58: 6461 | J58: =IF(OR(A58="",H58="",H58=0),"",I58/H58*100) -> 97.74584 | K58: =IF(OR(A58="",C58="",C58=0),"",H58/C58*100) -> 66.332163 | L58: 65.9 | M58: 1666 | N58: 72 | O58: =IF(OR(A58="",C58="",C58=0),"",M58/C58*1000) -> 167.18515 | P58: =IF(OR(A58="",D58="",D58=0),"",N58/D58*1000) -> 104.19682 | Q58: 3432 | R58: =IF(OR(A58="",M58="",M58+N58=0),"",Q58/(M58+N58)) -> 1.9746835
A59: 46230 | B59: =IF(A59="","",IFERROR(INT((A59-C3)/7)+I4,"")) -> 51 | C59: =C58-E59 -> 9964 | D59: =D58-F58 -> 690 | E59: 1 | F59: 0 | G59: =IF(A59="","",IFERROR(SUM(E$7:E59)/C4*100,"")) -> 1.8353941 | H59: 6529 | I59: 6353 | J59: =IF(OR(A59="",H59="",H59=0),"",I59/H59*100) -> 97.304335 | K59: =IF(OR(A59="",C59="",C59=0),"",H59/C59*100) -> 65.525893 | L59: 65.8 | M59: 1666 | N59: 72 | O59: =IF(OR(A59="",C59="",C59=0),"",M59/C59*1000) -> 167.20193 | P59: =IF(OR(A59="",D59="",D59=0),"",N59/D59*1000) -> 104.34783 | Q59: 3140 | R59: =IF(OR(A59="",M59="",M59+N59=0),"",Q59/(M59+N59)) -> 1.8066743
A60: 46231 | B60: =IF(A60="","",IFERROR(INT((A60-C3)/7)+I4,"")) -> 51 | C60: =C59-E60 -> 9960 | D60: =D59-F59 -> 690 | E60: 4 | F60: 2 | G60: =IF(A60="","",IFERROR(SUM(E$7:E60)/C4*100,"")) -> 1.874034 | H60: 6614 | I60: 6429 | J60: =IF(OR(A60="",H60="",H60=0),"",I60/H60*100) -> 97.202903 | K60: =IF(OR(A60="",C60="",C60=0),"",H60/C60*100) -> 66.405622 | L60: 65.8 | M60: 1666 | N60: 72 | O60: =IF(OR(A60="",C60="",C60=0),"",M60/C60*1000) -> 167.26908 | P60: =IF(OR(A60="",D60="",D60=0),"",N60/D60*1000) -> 104.34783 | Q60: 3198 | R60: =IF(OR(A60="",M60="",M60+N60=0),"",Q60/(M60+N60)) -> 1.840046
A61: 46232 | B61: =IF(A61="","",IFERROR(INT((A61-C3)/7)+I4,"")) -> 51 | C61: =C60-E61 -> 9957 | D61: =D60-F60 -> 688 | E61: 3 | F61: 1 | G61: =IF(A61="","",IFERROR(SUM(E$7:E61)/C4*100,"")) -> 1.9030139 | H61: 6595 | I61: 6413 | J61: =IF(OR(A61="",H61="",H61=0),"",I61/H61*100) -> 97.240334 | K61: =IF(OR(A61="",C61="",C61=0),"",H61/C61*100) -> 66.23481 | L61: 65.8 | M61: 1666 | N61: 72 | O61: =IF(OR(A61="",C61="",C61=0),"",M61/C61*1000) -> 167.31947 | P61: =IF(OR(A61="",D61="",D61=0),"",N61/D61*1000) -> 104.65116 | Q61: 3262 | R61: =IF(OR(A61="",M61="",M61+N61=0),"",Q61/(M61+N61)) -> 1.87687
A62: 46233 | B62: =IF(A62="","",IFERROR(INT((A62-C3)/7)+I4,"")) -> 51 | C62: =C61-E62 -> 9955 | D62: =D61-F61 -> 687 | E62: 2 | F62: 2 | G62: =IF(A62="","",IFERROR(SUM(E$7:E62)/C4*100,"")) -> 1.9223338 | H62: 6689 | I62: 6416 | J62: =IF(OR(A62="",H62="",H62=0),"",I62/H62*100) -> 95.918672 | K62: =IF(OR(A62="",C62="",C62=0),"",H62/C62*100) -> 67.192366 | L62: 65.9 | M62: 1666 | N62: 72 | O62: =IF(OR(A62="",C62="",C62=0),"",M62/C62*1000) -> 167.35309 | P62: =IF(OR(A62="",D62="",D62=0),"",N62/D62*1000) -> 104.80349 | Q62: 3509 | R62: =IF(OR(A62="",M62="",M62+N62=0),"",Q62/(M62+N62)) -> 2.0189873
A63: 46234 | B63: =IF(A63="","",IFERROR(INT((A63-C3)/7)+I4,"")) -> 52 | C63: =C62-E63 -> 9946 | D63: =D62-F62 -> 685 | E63: 9 | F63: 2 | G63: =IF(A63="","",IFERROR(SUM(E$7:E63)/C4*100,"")) -> 2.0092736 | H63: 6565 | I63: 6418 | J63: =IF(OR(A63="",H63="",H63=0),"",I63/H63*100) -> 97.760853 | K63: =IF(OR(A63="",C63="",C63=0),"",H63/C63*100) -> 66.006435 | L63: 65.7 | M63: 1666 | N63: 72 | O63: =IF(OR(A63="",C63="",C63=0),"",M63/C63*1000) -> 167.50452 | P63: =IF(OR(A63="",D63="",D63=0),"",N63/D63*1000) -> 105.10949 | Q63: 3995 | R63: =IF(OR(A63="",M63="",M63+N63=0),"",Q63/(M63+N63)) -> 2.2986191
A64: 46235 | B64: =IF(A64="","",IFERROR(INT((A64-C3)/7)+I4,"")) -> 52 | C64: =C63-E64 -> 9939 | D64: =D63-F63 -> 683 | E64: 7 | F64: 1 | G64: =IF(A64="","",IFERROR(SUM(E$7:E64)/C4*100,"")) -> 2.0768934 | H64: 6429 | I64: 6262 | J64: =IF(OR(A64="",H64="",H64=0),"",I64/H64*100) -> 97.402395 | K64: =IF(OR(A64="",C64="",C64=0),"",H64/C64*100) -> 64.684576 | L64: 65.8 | M64: 1666 | N64: 72 | O64: =IF(OR(A64="",C64="",C64=0),"",M64/C64*1000) -> 167.6225 | P64: =IF(OR(A64="",D64="",D64=0),"",N64/D64*1000) -> 105.41728 | Q64: 3421 | R64: =IF(OR(A64="",M64="",M64+N64=0),"",Q64/(M64+N64)) -> 1.9683544
A65: 46236 | B65: =IF(A65="","",IFERROR(INT((A65-C3)/7)+I4,"")) -> 52 | C65: =C64-E65 -> 9931 | D65: =D64-F64 -> 682 | E65: 8 | F65: 2 | G65: =IF(A65="","",IFERROR(SUM(E$7:E65)/C4*100,"")) -> 2.1541731 | H65: 6689 | I65: 6508 | J65: =IF(OR(A65="",H65="",H65=0),"",I65/H65*100) -> 97.294065 | K65: =IF(OR(A65="",C65="",C65=0),"",H65/C65*100) -> 67.354748 | L65: 65.7 | M65: 1666 | N65: 72 | O65: =IF(OR(A65="",C65="",C65=0),"",M65/C65*1000) -> 167.75753 | P65: =IF(OR(A65="",D65="",D65=0),"",N65/D65*1000) -> 105.57185 | Q65: 3375 | R65: =IF(OR(A65="",M65="",M65+N65=0),"",Q65/(M65+N65)) -> 1.9418872
A66: 46237 | B66: =IF(A66="","",IFERROR(INT((A66-C3)/7)+I4,"")) -> 52 | C66: =C65-E66 -> 9918 | D66: =D65-F65 -> 680 | E66: 13 | F66: 1 | G66: =IF(A66="","",IFERROR(SUM(E$7:E66)/C4*100,"")) -> 2.2797527 | H66: 6270 | I66: 6089 | J66: =IF(OR(A66="",H66="",H66=0),"",I66/H66*100) -> 97.113238 | K66: =IF(OR(A66="",C66="",C66=0),"",H66/C66*100) -> 63.218391 | L66: 65.8 | M66: 1666 | N66: 72 | O66: =IF(OR(A66="",C66="",C66=0),"",M66/C66*1000) -> 167.97741 | P66: =IF(OR(A66="",D66="",D66=0),"",N66/D66*1000) -> 105.88235 | Q66: 3321 | R66: =IF(OR(A66="",M66="",M66+N66=0),"",Q66/(M66+N66)) -> 1.910817
A67: 46238 | B67: =IF(A67="","",IFERROR(INT((A67-C3)/7)+I4,"")) -> 52 | C67: =C66-E67 -> 9912 | D67: =D66-F66 -> 679 | E67: 6 | F67: 0 | G67: =IF(A67="","",IFERROR(SUM(E$7:E67)/C4*100,"")) -> 2.3377125 | H67: 6397 | I67: 6204 | J67: =IF(OR(A67="",H67="",H67=0),"",I67/H67*100) -> 96.982961 | K67: =IF(OR(A67="",C67="",C67=0),"",H67/C67*100) -> 64.537934 | L67: 65.9 | M67: 1648 | N67: 72 | O67: =IF(OR(A67="",C67="",C67=0),"",M67/C67*1000) -> 166.26312 | P67: =IF(OR(A67="",D67="",D67=0),"",N67/D67*1000) -> 106.03829 | Q67: 3378 | R67: =IF(OR(A67="",M67="",M67+N67=0),"",Q67/(M67+N67)) -> 1.9639535
A68: 46239 | B68: =IF(A68="","",IFERROR(INT((A68-C3)/7)+I4,"")) -> 52 | C68: =C67-E68 -> 9909 | D68: =D67-F67 -> 679 | E68: 3 | F68: 2 | G68: =IF(A68="","",IFERROR(SUM(E$7:E68)/C4*100,"")) -> 2.3666924 | H68: 6498 | I68: 6315 | J68: =IF(OR(A68="",H68="",H68=0),"",I68/H68*100) -> 97.183749 | K68: =IF(OR(A68="",C68="",C68=0),"",H68/C68*100) -> 65.576748 | L68: 65.7 | M68: 1648 | N68: 72 | O68: =IF(OR(A68="",C68="",C68=0),"",M68/C68*1000) -> 166.31345 | P68: =IF(OR(A68="",D68="",D68=0),"",N68/D68*1000) -> 106.03829 | Q68: 3408 | R68: =IF(OR(A68="",M68="",M68+N68=0),"",Q68/(M68+N68)) -> 1.9813953
A69: 46240 | B69: =IF(A69="","",IFERROR(INT((A69-C3)/7)+I4,"")) -> 52 | C69: =C68-E69 -> 9900 | D69: =D68-F68 -> 677 | E69: 9 | F69: 1 | G69: =IF(A69="","",IFERROR(SUM(E$7:E69)/C4*100,"")) -> 2.4536321 | H69: 6555 | I69: 6365 | J69: =IF(OR(A69="",H69="",H69=0),"",I69/H69*100) -> 97.101449 | K69: =IF(OR(A69="",C69="",C69=0),"",H69/C69*100) -> 66.212121 | L69: 65.7 | M69: 1648 | N69: 72 | O69: =IF(OR(A69="",C69="",C69=0),"",M69/C69*1000) -> 166.46465 | P69: =IF(OR(A69="",D69="",D69=0),"",N69/D69*1000) -> 106.35155 | Q69: 3371 | R69: =IF(OR(A69="",M69="",M69+N69=0),"",Q69/(M69+N69)) -> 1.9598837
A70: 46241 | B70: =IF(A70="","",IFERROR(INT((A70-C3)/7)+I4,"")) -> 53 | C70: =C69-E70 -> 9898 | D70: =D69-F69 -> 676 | E70: 2 | F70: 1 | G70: =IF(A70="","",IFERROR(SUM(E$7:E70)/C4*100,"")) -> 2.4729521 | H70: 6347 | I70: 6147 | J70: =IF(OR(A70="",H70="",H70=0),"",I70/H70*100) -> 96.848905 | K70: =IF(OR(A70="",C70="",C70=0),"",H70/C70*100) -> 64.124065 | L70: 65.5 | M70: 1648 | N70: 72 | O70: =IF(OR(A70="",C70="",C70=0),"",M70/C70*1000) -> 166.49828 | P70: =IF(OR(A70="",D70="",D70=0),"",N70/D70*1000) -> 106.50888 | Q70: 3139 | R70: =IF(OR(A70="",M70="",M70+N70=0),"",Q70/(M70+N70)) -> 1.825
A71: 46242 | B71: =IF(A71="","",IFERROR(INT((A71-C3)/7)+I4,"")) -> 53 | C71: =C70-E71 -> 9892 | D71: =D70-F70 -> 675 | E71: 6 | F71: 1 | G71: =IF(A71="","",IFERROR(SUM(E$7:E71)/C4*100,"")) -> 2.5309119 | H71: 6411 | I71: 6168 | J71: =IF(OR(A71="",H71="",H71=0),"",I71/H71*100) -> 96.20964 | K71: =IF(OR(A71="",C71="",C71=0),"",H71/C71*100) -> 64.809947 | L71: 65.4 | M71: 1648 | N71: 72 | O71: =IF(OR(A71="",C71="",C71=0),"",M71/C71*1000) -> 166.59927 | P71: =IF(OR(A71="",D71="",D71=0),"",N71/D71*1000) -> 106.66667 | Q71: 3319 | R71: =IF(OR(A71="",M71="",M71+N71=0),"",Q71/(M71+N71)) -> 1.9296512
A72: 46243 | B72: =IF(A72="","",IFERROR(INT((A72-C3)/7)+I4,"")) -> 53 | C72: =C71-E72 -> 9889 | D72: =D71-F71 -> 674 | E72: 3 | F72: 0 | G72: =IF(A72="","",IFERROR(SUM(E$7:E72)/C4*100,"")) -> 2.5598918 | H72: 6573 | I72: 6410 | J72: =IF(OR(A72="",H72="",H72=0),"",I72/H72*100) -> 97.520158 | K72: =IF(OR(A72="",C72="",C72=0),"",H72/C72*100) -> 66.467792 | L72: 66 | M72: 1648 | N72: 72 | O72: =IF(OR(A72="",C72="",C72=0),"",M72/C72*1000) -> 166.64981 | P72: =IF(OR(A72="",D72="",D72=0),"",N72/D72*1000) -> 106.82493 | Q72: 3188 | R72: =IF(OR(A72="",M72="",M72+N72=0),"",Q72/(M72+N72)) -> 1.8534884
A73: 46244 | B73: =IF(A73="","",IFERROR(INT((A73-C3)/7)+I4,"")) -> 53 | C73: =C72-E73 -> 9888 | D73: =D72-F72 -> 674 | E73: 1 | F73: 1 | G73: =IF(A73="","",IFERROR(SUM(E$7:E73)/C4*100,"")) -> 2.5695518 | H73: 6157 | I73: 5951 | J73: =IF(OR(A73="",H73="",H73=0),"",I73/H73*100) -> 96.654215 | K73: =IF(OR(A73="",C73="",C73=0),"",H73/C73*100) -> 62.267395 | L73: 65.5 | M73: 1648 | N73: 72 | O73: =IF(OR(A73="",C73="",C73=0),"",M73/C73*1000) -> 166.66667 | P73: =IF(OR(A73="",D73="",D73=0),"",N73/D73*1000) -> 106.82493 | Q73: 3282 | R73: =IF(OR(A73="",M73="",M73+N73=0),"",Q73/(M73+N73)) -> 1.9081395
A74: 46245 | B74: =IF(A74="","",IFERROR(INT((A74-C3)/7)+I4,"")) -> 53 | C74: =C73-E74 -> 9881 | D74: =D73-F73 -> 673 | E74: 7 | F74: 2 | G74: =IF(A74="","",IFERROR(SUM(E$7:E74)/C4*100,"")) -> 2.6371716 | H74: 6532 | I74: 6278 | J74: =IF(OR(A74="",H74="",H74=0),"",I74/H74*100) -> 96.111451 | K74: =IF(OR(A74="",C74="",C74=0),"",H74/C74*100) -> 66.106669 | L74: 65.5 | M74: 1648 | N74: 72 | O74: =IF(OR(A74="",C74="",C74=0),"",M74/C74*1000) -> 166.78474 | P74: =IF(OR(A74="",D74="",D74=0),"",N74/D74*1000) -> 106.98366 | Q74: 3203 | R74: =IF(OR(A74="",M74="",M74+N74=0),"",Q74/(M74+N74)) -> 1.8622093
A75: 46246 | B75: =IF(A75="","",IFERROR(INT((A75-C3)/7)+I4,"")) -> 53 | C75: =C74-E75 -> 9881 | D75: =D74-F74 -> 671 | E75: 0 | F75: 1 | G75: =IF(A75="","",IFERROR(SUM(E$7:E75)/C4*100,"")) -> 2.6371716 | H75: 6363 | I75: 61344 | J75: =IF(OR(A75="",H75="",H75=0),"",I75/H75*100) -> 964.07355 | K75: =IF(OR(A75="",C75="",C75=0),"",H75/C75*100) -> 64.396316 | L75: 65.6 | M75: 1648 | N75: 72 | O75: =IF(OR(A75="",C75="",C75=0),"",M75/C75*1000) -> 166.78474 | P75: =IF(OR(A75="",D75="",D75=0),"",N75/D75*1000) -> 107.30253 | Q75: 3387 | R75: =IF(OR(A75="",M75="",M75+N75=0),"",Q75/(M75+N75)) -> 1.969186
A76: 46247 | B76: =IF(A76="","",IFERROR(INT((A76-C3)/7)+I4,"")) -> 53 | C76: =C75-E76 -> 9879 | D76: =D75-F75 -> 670 | E76: 2 | F76: 0 | G76: =IF(A76="","",IFERROR(SUM(E$7:E76)/C4*100,"")) -> 2.6564915 | H76: 6313 | I76: 6148 | J76: =IF(OR(A76="",H76="",H76=0),"",I76/H76*100) -> 97.386346 | K76: =IF(OR(A76="",C76="",C76=0),"",H76/C76*100) -> 63.903229 | L76: 65.9 | M76: 1648 | N76: 72 | O76: =IF(OR(A76="",C76="",C76=0),"",M76/C76*1000) -> 166.8185 | P76: =IF(OR(A76="",D76="",D76=0),"",N76/D76*1000) -> 107.46269 | Q76: 3432 | R76: =IF(OR(A76="",M76="",M76+N76=0),"",Q76/(M76+N76)) -> 1.9953488
A77: 46248 | B77: =IF(A77="","",IFERROR(INT((A77-C3)/7)+I4,"")) -> 54 | C77: =C76-E77 -> 9873 | D77: =D76-F76 -> 670 | E77: 6 | F77: 1 | G77: =IF(A77="","",IFERROR(SUM(E$7:E77)/C4*100,"")) -> 2.7144513 | H77: 5935 | I77: 5769 | J77: =IF(OR(A77="",H77="",H77=0),"",I77/H77*100) -> 97.203033 | K77: =IF(OR(A77="",C77="",C77=0),"",H77/C77*100) -> 60.113441 | L77: 65.8 | M77: 1648 | N77: 72 | O77: =IF(OR(A77="",C77="",C77=0),"",M77/C77*1000) -> 166.91988 | P77: =IF(OR(A77="",D77="",D77=0),"",N77/D77*1000) -> 107.46269 | Q77: 3653 | R77: =IF(OR(A77="",M77="",M77+N77=0),"",Q77/(M77+N77)) -> 2.1238372
A78: 46249 | B78: =IF(A78="","",IFERROR(INT((A78-C3)/7)+I4,"")) -> 54 | C78: =C77-E78 -> 9869 | D78: =D77-F77 -> 669 | E78: 4 | F78: 1 | G78: =IF(A78="","",IFERROR(SUM(E$7:E78)/C4*100,"")) -> 2.7530912 | H78: 6168 | I78: 5975 | J78: =IF(OR(A78="",H78="",H78=0),"",I78/H78*100) -> 96.870947 | K78: =IF(OR(A78="",C78="",C78=0),"",H78/C78*100) -> 62.498733 | L78: 66 | M78: 1648 | N78: 72 | O78: =IF(OR(A78="",C78="",C78=0),"",M78/C78*1000) -> 166.98754 | P78: =IF(OR(A78="",D78="",D78=0),"",N78/D78*1000) -> 107.62332 | Q78: 3821 | R78: =IF(OR(A78="",M78="",M78+N78=0),"",Q78/(M78+N78)) -> 2.2215116
A79: 46250 | B79: =IF(A79="","",IFERROR(INT((A79-C3)/7)+I4,"")) -> 54 | C79: =C78-E79 -> 9867 | D79: =D78-F78 -> 668 | E79: 2 | F79: 0 | G79: =IF(A79="","",IFERROR(SUM(E$7:E79)/C4*100,"")) -> 2.7724111 | H79: 6490 | I79: 6289 | J79: =IF(OR(A79="",H79="",H79=0),"",I79/H79*100) -> 96.902928 | K79: =IF(OR(A79="",C79="",C79=0),"",H79/C79*100) -> 65.774805 | L79: 66.3 | M79: 1648 | N79: 72 | O79: =IF(OR(A79="",C79="",C79=0),"",M79/C79*1000) -> 167.02138 | P79: =IF(OR(A79="",D79="",D79=0),"",N79/D79*1000) -> 107.78443 | Q79: 3445 | R79: =IF(OR(A79="",M79="",M79+N79=0),"",Q79/(M79+N79)) -> 2.002907
A80: 46251 | B80: =IF(A80="","",IFERROR(INT((A80-C3)/7)+I4,"")) -> 54 | C80: =C79-E80 -> 9867 | D80: =D79-F79 -> 668 | E80: 0 | F80: 0 | G80: =IF(A80="","",IFERROR(SUM(E$7:E80)/C4*100,"")) -> 2.7724111 | H80: 6354 | I80: 6169 | J80: =IF(OR(A80="",H80="",H80=0),"",I80/H80*100) -> 97.088448 | K80: =IF(OR(A80="",C80="",C80=0),"",H80/C80*100) -> 64.396473 | L80: 66.4 | M80: 1648 | N80: 72 | O80: =IF(OR(A80="",C80="",C80=0),"",M80/C80*1000) -> 167.02138 | P80: =IF(OR(A80="",D80="",D80=0),"",N80/D80*1000) -> 107.78443 | Q80: 3402 | R80: =IF(OR(A80="",M80="",M80+N80=0),"",Q80/(M80+N80)) -> 1.977907
A81: 46252 | B81: =IF(A81="","",IFERROR(INT((A81-C3)/7)+I4,"")) -> 54 | C81: =C80-E81 -> 9866 | D81: =D80-F80 -> 668 | E81: 1 | F81: 1 | G81: =IF(A81="","",IFERROR(SUM(E$7:E81)/C4*100,"")) -> 2.7820711 | H81: 6250 | I81: 6054 | J81: =IF(OR(A81="",H81="",H81=0),"",I81/H81*100) -> 96.864 | K81: =IF(OR(A81="",C81="",C81=0),"",H81/C81*100) -> 63.348875 | L81: 66.3 | M81: 1648 | N81: 72 | O81: =IF(OR(A81="",C81="",C81=0),"",M81/C81*1000) -> 167.03831 | P81: =IF(OR(A81="",D81="",D81=0),"",N81/D81*1000) -> 107.78443 | Q81: 3323 | R81: =IF(OR(A81="",M81="",M81+N81=0),"",Q81/(M81+N81)) -> 1.9319767
A82: 46253 | B82: =IF(A82="","",IFERROR(INT((A82-C3)/7)+I4,"")) -> 54 | C82: =C81-E82 -> 9861 | D82: =D81-F81 -> 667 | E82: 5 | F82: 2 | G82: =IF(A82="","",IFERROR(SUM(E$7:E82)/C4*100,"")) -> 2.8303709 | H82: 6312 | I82: 6150 | J82: =IF(OR(A82="",H82="",H82=0),"",I82/H82*100) -> 97.43346 | K82: =IF(OR(A82="",C82="",C82=0),"",H82/C82*100) -> 64.009735 | L82: 66.6 | M82: 1648 | N82: 72 | O82: =IF(OR(A82="",C82="",C82=0),"",M82/C82*1000) -> 167.12301 | P82: =IF(OR(A82="",D82="",D82=0),"",N82/D82*1000) -> 107.94603 | Q82: 3089 | R82: =IF(OR(A82="",M82="",M82+N82=0),"",Q82/(M82+N82)) -> 1.7959302
A83: 46254 | B83: =IF(A83="","",IFERROR(INT((A83-C3)/7)+I4,"")) -> 54 | C83: =C82-E83 -> 9856 | D83: =D82-F82 -> 665 | E83: 5 | F83: 1 | G83: =IF(A83="","",IFERROR(SUM(E$7:E83)/C4*100,"")) -> 2.8786708 | H83: 6259 | I83: 6068 | J83: =IF(OR(A83="",H83="",H83=0),"",I83/H83*100) -> 96.948394 | K83: =IF(OR(A83="",C83="",C83=0),"",H83/C83*100) -> 63.504464 | L83: 66.9 | M83: 1648 | N83: 72 | O83: =IF(OR(A83="",C83="",C83=0),"",M83/C83*1000) -> 167.20779 | P83: =IF(OR(A83="",D83="",D83=0),"",N83/D83*1000) -> 108.27068 | Q83: 3352 | R83: =IF(OR(A83="",M83="",M83+N83=0),"",Q83/(M83+N83)) -> 1.9488372
A84: 46255 | B84: =IF(A84="","",IFERROR(INT((A84-C3)/7)+I4,"")) -> 55 | C84: =C83-E84 -> 9855 | D84: =D83-F83 -> 664 | E84: 1 | F84: 0 | G84: =IF(A84="","",IFERROR(SUM(E$7:E84)/C4*100,"")) -> 2.8883308 | H84: 6383 | I84: 6183 | J84: =IF(OR(A84="",H84="",H84=0),"",I84/H84*100) -> 96.866677 | K84: =IF(OR(A84="",C84="",C84=0),"",H84/C84*100) -> 64.769153 | L84: 66.8 | M84: 1648 | N84: 72 | O84: =IF(OR(A84="",C84="",C84=0),"",M84/C84*1000) -> 167.22476 | P84: =IF(OR(A84="",D84="",D84=0),"",N84/D84*1000) -> 108.43373 | Q84: 3317 | R84: =IF(OR(A84="",M84="",M84+N84=0),"",Q84/(M84+N84)) -> 1.9284884
A85: 46256 | B85: =IF(A85="","",IFERROR(INT((A85-C3)/7)+I4,"")) -> 55 | C85: =C84-E85 -> 9854 | D85: =D84-F84 -> 664 | E85: 1 | F85: 1 | G85: =IF(A85="","",IFERROR(SUM(E$7:E85)/C4*100,"")) -> 2.8979907 | H85: 6269 | I85: 6061 | J85: =IF(OR(A85="",H85="",H85=0),"",I85/H85*100) -> 96.682086 | K85: =IF(OR(A85="",C85="",C85=0),"",H85/C85*100) -> 63.618835 | L85: 66.7 | M85: 1648 | N85: 72 | O85: =IF(OR(A85="",C85="",C85=0),"",M85/C85*1000) -> 167.24173 | P85: =IF(OR(A85="",D85="",D85=0),"",N85/D85*1000) -> 108.43373 | Q85: 3329 | R85: =IF(OR(A85="",M85="",M85+N85=0),"",Q85/(M85+N85)) -> 1.9354651
A86: 46257 | B86: =IF(A86="","",IFERROR(INT((A86-C3)/7)+I4,"")) -> 55 | C86: =C85-E86 -> 9849 | D86: =D85-F85 -> 663 | E86: 5 | F86: 1 | G86: =IF(A86="","",IFERROR(SUM(E$7:E86)/C4*100,"")) -> 2.9462906 | H86: 6176 | I86: 5998 | J86: =IF(OR(A86="",H86="",H86=0),"",I86/H86*100) -> 97.117876 | K86: =IF(OR(A86="",C86="",C86=0),"",H86/C86*100) -> 62.706874 | L86: 66.7 | M86: 1648 | N86: 72 | O86: =IF(OR(A86="",C86="",C86=0),"",M86/C86*1000) -> 167.32663 | P86: =IF(OR(A86="",D86="",D86=0),"",N86/D86*1000) -> 108.59729 | Q86: 3274 | R86: =IF(OR(A86="",M86="",M86+N86=0),"",Q86/(M86+N86)) -> 1.9034884
A87: 46258 | B87: =IF(A87="","",IFERROR(INT((A87-C3)/7)+I4,"")) -> 55 | C87: =C86-E87 -> 9839 | D87: =D86-F86 -> 662 | E87: 10 | F87: 2 | G87: =IF(A87="","",IFERROR(SUM(E$7:E87)/C4*100,"")) -> 3.0428903 | H87: 6390 | I87: 6196 | J87: =IF(OR(A87="",H87="",H87=0),"",I87/H87*100) -> 96.964006 | K87: =IF(OR(A87="",C87="",C87=0),"",H87/C87*100) -> 64.945625 | L87: 67 | M87: 1648 | N87: 72 | O87: =IF(OR(A87="",C87="",C87=0),"",M87/C87*1000) -> 167.4967 | P87: =IF(OR(A87="",D87="",D87=0),"",N87/D87*1000) -> 108.76133 | Q87: 3274 | R87: =IF(OR(A87="",M87="",M87+N87=0),"",Q87/(M87+N87)) -> 1.9034884
A88: 46259 | B88: =IF(A88="","",IFERROR(INT((A88-C3)/7)+I4,"")) -> 55 | C88: =C87-E88 -> 9834 | D88: =D87-F87 -> 660 | E88: 5 | F88: 0 | G88: =IF(A88="","",IFERROR(SUM(E$7:E88)/C4*100,"")) -> 3.0911901 | H88: 6052 | I88: 5831 | J88: =IF(OR(A88="",H88="",H88=0),"",I88/H88*100) -> 96.348315 | K88: =IF(OR(A88="",C88="",C88=0),"",H88/C88*100) -> 61.54159 | L88: 67.1 | M88: 1649 | N88: 70 | O88: =IF(OR(A88="",C88="",C88=0),"",M88/C88*1000) -> 167.68355 | P88: =IF(OR(A88="",D88="",D88=0),"",N88/D88*1000) -> 106.06061 | Q88: 3277 | R88: =IF(OR(A88="",M88="",M88+N88=0),"",Q88/(M88+N88)) -> 1.9063409
A89: 46260 | B89: =IF(A89="","",IFERROR(INT((A89-C3)/7)+I4,"")) -> 55 | C89: =C88-E89 -> 9827 | D89: =D88-F88 -> 660 | E89: 7 | F89: 4 | G89: =IF(A89="","",IFERROR(SUM(E$7:E89)/C4*100,"")) -> 3.1588099 | H89: 6232 | I89: 6046 | J89: =IF(OR(A89="",H89="",H89=0),"",I89/H89*100) -> 97.015404 | K89: =IF(OR(A89="",C89="",C89=0),"",H89/C89*100) -> 63.417116 | L89: 67.9 | M89: 1629 | N89: 70 | O89: =IF(OR(A89="",C89="",C89=0),"",M89/C89*1000) -> 165.76778 | P89: =IF(OR(A89="",D89="",D89=0),"",N89/D89*1000) -> 106.06061 | Q89: 3155 | R89: =IF(OR(A89="",M89="",M89+N89=0),"",Q89/(M89+N89)) -> 1.8569747
A90: 46261 | B90: =IF(A90="","",IFERROR(INT((A90-C3)/7)+I4,"")) -> 55 | C90: =C89-E90 -> 9815 | D90: =D89-F89 -> 656 | E90: 12 | F90: 1 | G90: =IF(A90="","",IFERROR(SUM(E$7:E90)/C4*100,"")) -> 3.2747295 | H90: 6324 | I90: 6139 | J90: =IF(OR(A90="",H90="",H90=0),"",I90/H90*100) -> 97.074636 | K90: =IF(OR(A90="",C90="",C90=0),"",H90/C90*100) -> 64.431992 | L90: 67.8 | M90: 1629 | N90: 70 | O90: =IF(OR(A90="",C90="",C90=0),"",M90/C90*1000) -> 165.97045 | P90: =IF(OR(A90="",D90="",D90=0),"",N90/D90*1000) -> 106.70732 | Q90: 3365 | R90: =IF(OR(A90="",M90="",M90+N90=0),"",Q90/(M90+N90)) -> 1.9805768
A91: 46262 | B91: =IF(A91="","",IFERROR(INT((A91-C3)/7)+I4,"")) -> 56 | C91: =C90-E91 -> 9807 | D91: =D90-F90 -> 655 | E91: 8 | F91: 0 | G91: =IF(A91="","",IFERROR(SUM(E$7:E91)/C4*100,"")) -> 3.3520093 | H91: 5990 | I91: 5760 | J91: =IF(OR(A91="",H91="",H91=0),"",I91/H91*100) -> 96.160267 | K91: =IF(OR(A91="",C91="",C91=0),"",H91/C91*100) -> 61.078821 | L91: 67.9 | M91: 1629 | N91: 70 | O91: =IF(OR(A91="",C91="",C91=0),"",M91/C91*1000) -> 166.10584 | P91: =IF(OR(A91="",D91="",D91=0),"",N91/D91*1000) -> 106.87023 | Q91: 3215 | R91: =IF(OR(A91="",M91="",M91+N91=0),"",Q91/(M91+N91)) -> 1.8922896
A92: 46263 | B92: =IF(A92="","",IFERROR(INT((A92-C3)/7)+I4,"")) -> 56 | C92: =C91-E92 -> 9798 | D92: =D91-F91 -> 655 | E92: 9 | F92: 1 | G92: =IF(A92="","",IFERROR(SUM(E$7:E92)/C4*100,"")) -> 3.438949 | H92: 5924 | I92: 5734 | J92: =IF(OR(A92="",H92="",H92=0),"",I92/H92*100) -> 96.792708 | K92: =IF(OR(A92="",C92="",C92=0),"",H92/C92*100) -> 60.461319 | L92: 67.8 | M92: 1629 | N92: 70 | O92: =IF(OR(A92="",C92="",C92=0),"",M92/C92*1000) -> 166.25842 | P92: =IF(OR(A92="",D92="",D92=0),"",N92/D92*1000) -> 106.87023 | Q92: 3252 | R92: =IF(OR(A92="",M92="",M92+N92=0),"",Q92/(M92+N92)) -> 1.9140671
A93: 46264 | B93: =IF(A93="","",IFERROR(INT((A93-C3)/7)+I4,"")) -> 56 | C93: =C92-E93 -> 9791 | D93: =D92-F92 -> 654 | E93: 7 | F93: 1 | G93: =IF(A93="","",IFERROR(SUM(E$7:E93)/C4*100,"")) -> 3.5065688 | H93: 6024 | I93: 5833 | J93: =IF(OR(A93="",H93="",H93=0),"",I93/H93*100) -> 96.829349 | K93: =IF(OR(A93="",C93="",C93=0),"",H93/C93*100) -> 61.525891 | L93: 67.8 | M93: 1629 | N93: 70 | O93: =IF(OR(A93="",C93="",C93=0),"",M93/C93*1000) -> 166.37729 | P93: =IF(OR(A93="",D93="",D93=0),"",N93/D93*1000) -> 107.03364 | R93: =IF(OR(A93="",M93="",M93+N93=0),"",Q93/(M93+N93)) -> 0
B94: =IF(A94="","",IFERROR(INT((A94-C3)/7)+I4,"")) | D94: =D93-F93 -> 653 | G94: =IF(A94="","",IFERROR(SUM(E$7:E94)/C4*100,"")) | J94: =IF(OR(A94="",H94="",H94=0),"",I94/H94*100) | K94: =IF(OR(A94="",C94="",C94=0),"",H94/C94*100) | O94: =IF(OR(A94="",C94="",C94=0),"",M94/C94*1000) | P94: =IF(OR(A94="",D94="",D94=0),"",N94/D94*1000) | R94: =IF(OR(A94="",M94="",M94+N94=0),"",Q94/(M94+N94))
B95: =IF(A95="","",IFERROR(INT((A95-C3)/7)+I4,"")) | D95: =D94-F94 -> 653 | G95: =IF(A95="","",IFERROR(SUM(E$7:E95)/C4*100,"")) | J95: =IF(OR(A95="",H95="",H95=0),"",I95/H95*100) | K95: =IF(OR(A95="",C95="",C95=0),"",H95/C95*100) | O95: =IF(OR(A95="",C95="",C95=0),"",M95/C95*1000) | P95: =IF(OR(A95="",D95="",D95=0),"",N95/D95*1000) | R95: =IF(OR(A95="",M95="",M95+N95=0),"",Q95/(M95+N95))
B96: =IF(A96="","",IFERROR(INT((A96-C3)/7)+I4,"")) | D96: =D95-F95 -> 653 | G96: =IF(A96="","",IFERROR(SUM(E$7:E96)/C4*100,"")) | J96: =IF(OR(A96="",H96="",H96=0),"",I96/H96*100) | K96: =IF(OR(A96="",C96="",C96=0),"",H96/C96*100) | O96: =IF(OR(A96="",C96="",C96=0),"",M96/C96*1000) | P96: =IF(OR(A96="",D96="",D96=0),"",N96/D96*1000) | R96: =IF(OR(A96="",M96="",M96+N96=0),"",Q96/(M96+N96))
B97: =IF(A97="","",IFERROR(INT((A97-C3)/7)+I4,"")) | D97: =D96-F96 -> 653 | G97: =IF(A97="","",IFERROR(SUM(E$7:E97)/C4*100,"")) | J97: =IF(OR(A97="",H97="",H97=0),"",I97/H97*100) | K97: =IF(OR(A97="",C97="",C97=0),"",H97/C97*100) | O97: =IF(OR(A97="",C97="",C97=0),"",M97/C97*1000) | P97: =IF(OR(A97="",D97="",D97=0),"",N97/D97*1000) | R97: =IF(OR(A97="",M97="",M97+N97=0),"",Q97/(M97+N97))
B98: =IF(A98="","",IFERROR(INT((A98-C3)/7)+I4,"")) | D98: =D97-F97 -> 653 | G98: =IF(A98="","",IFERROR(SUM(E$7:E98)/C4*100,"")) | J98: =IF(OR(A98="",H98="",H98=0),"",I98/H98*100) | K98: =IF(OR(A98="",C98="",C98=0),"",H98/C98*100) | O98: =IF(OR(A98="",C98="",C98=0),"",M98/C98*1000) | P98: =IF(OR(A98="",D98="",D98=0),"",N98/D98*1000) | R98: =IF(OR(A98="",M98="",M98+N98=0),"",Q98/(M98+N98))
B99: =IF(A99="","",IFERROR(INT((A99-C3)/7)+I4,"")) | D99: =D98-F98 -> 653 | G99: =IF(A99="","",IFERROR(SUM(E$7:E99)/C4*100,"")) | J99: =IF(OR(A99="",H99="",H99=0),"",I99/H99*100) | K99: =IF(OR(A99="",C99="",C99=0),"",H99/C99*100) | O99: =IF(OR(A99="",C99="",C99=0),"",M99/C99*1000) | P99: =IF(OR(A99="",D99="",D99=0),"",N99/D99*1000) | R99: =IF(OR(A99="",M99="",M99+N99=0),"",Q99/(M99+N99))
B100: =IF(A100="","",IFERROR(INT((A100-C3)/7)+I4,"")) | D100: =D99-F99 -> 653 | G100: =IF(A100="","",IFERROR(SUM(E$7:E100)/C4*100,"")) | J100: =IF(OR(A100="",H100="",H100=0),"",I100/H100*100) | K100: =IF(OR(A100="",C100="",C100=0),"",H100/C100*100) | O100: =IF(OR(A100="",C100="",C100=0),"",M100/C100*1000) | P100: =IF(OR(A100="",D100="",D100=0),"",N100/D100*1000) | R100: =IF(OR(A100="",M100="",M100+N100=0),"",Q100/(M100+N100))
B101: =IF(A101="","",IFERROR(INT((A101-C3)/7)+I4,"")) | D101: =D100-F100 -> 653 | G101: =IF(A101="","",IFERROR(SUM(E$7:E101)/C4*100,"")) | J101: =IF(OR(A101="",H101="",H101=0),"",I101/H101*100) | K101: =IF(OR(A101="",C101="",C101=0),"",H101/C101*100) | O101: =IF(OR(A101="",C101="",C101=0),"",M101/C101*1000) | P101: =IF(OR(A101="",D101="",D101=0),"",N101/D101*1000) | R101: =IF(OR(A101="",M101="",M101+N101=0),"",Q101/(M101+N101))
...

Sheet Dzienne 4
A1: Nazwa stada: | C1: Ferma za Lakiem K4
A2: Linia genetyczna: | C2: Ross 308
A3: Data wstawienia: | C3: 45870
A4: Kury wstawione: | C4: 10364 | E4: Koguty wstawione: | G4: 966 | H4: Wiek wstaw. (tyg): | I4: 0
A6: Data | B6: Tyg.życia | C6: Kury żywe | D6: Koguty żywe | E6: Upadki kury | F6: Upadki koguty | G6: Upadki %kum. | H6: Jaja ogółem | I6: Jaja wylęg. | J6: % jaj wylęg. | K6: % nieśności | L6: Waga jaja(g) | M6: Pasza kury(kg) | N6: Pasza kog.(kg) | O6: Dawka kura(g) | P6: Dawka kog.(g) | Q6: Woda(l) | R6: Woda:Pasza | S6: Temp.kurnik°C | T6: Temp.magaz.jaj°C | U6: Waga kury(g) | V6: Waga kog.(g) | W6: Suplement./Leczenie | X6: Notatki wet.
A7: 46178 | B7: =IF(A7="","",IFERROR(INT((A7-C3)/7)+I4,"")) -> 44 | C7: 10146 | D7: 839 | E7: 2 | G7: =IF(A7="","",IFERROR(SUM(E$7:E7)/C4*100,"")) -> 0.019297569 | H7: 7336 | I7: 7191 | J7: =IF(OR(A7="",H7="",H7=0),"",I7/H7*100) -> 98.023446 | K7: =IF(OR(A7="",C7="",C7=0),"",H7/C7*100) -> 72.304356 | L7: 63.9 | M7: 1785 | N7: 93 | O7: =IF(OR(A7="",C7="",C7=0),"",M7/C7*1000) -> 175.9314 | P7: =IF(OR(A7="",D7="",D7=0),"",N7/D7*1000) -> 110.84625 | Q7: 3459 | R7: =IF(OR(A7="",M7="",M7+N7=0),"",Q7/(M7+N7)) -> 1.841853
A8: 46179 | B8: =IF(A8="","",IFERROR(INT((A8-C3)/7)+I4,"")) -> 44 | C8: 10144 | D8: 838 | E8: 2 | F8: 1 | G8: =IF(A8="","",IFERROR(SUM(E$7:E8)/C4*100,"")) -> 0.038595137 | H8: 7387 | I8: 7202 | J8: =IF(OR(A8="",H8="",H8=0),"",I8/H8*100) -> 97.4956 | K8: =IF(OR(A8="",C8="",C8=0),"",H8/C8*100) -> 72.821372 | L8: 64 | M8: 1704 | N8: 93 | O8: =IF(OR(A8="",C8="",C8=0),"",M8/C8*1000) -> 167.98107 | P8: =IF(OR(A8="",D8="",D8=0),"",N8/D8*1000) -> 110.97852 | Q8: 3564 | R8: =IF(OR(A8="",M8="",M8+N8=0),"",Q8/(M8+N8)) -> 1.9833055
A9: 46180 | B9: =IF(A9="","",IFERROR(INT((A9-C3)/7)+I4,"")) -> 44 | C9: 10144 | D9: 836 | F9: 2 | G9: =IF(A9="","",IFERROR(SUM(E$7:E9)/C4*100,"")) -> 0.038595137 | H9: 7232 | I9: 7082 | J9: =IF(OR(A9="",H9="",H9=0),"",I9/H9*100) -> 97.925885 | K9: =IF(OR(A9="",C9="",C9=0),"",H9/C9*100) -> 71.293375 | L9: 64.2 | M9: 1704 | N9: 93 | O9: =IF(OR(A9="",C9="",C9=0),"",M9/C9*1000) -> 167.98107 | P9: =IF(OR(A9="",D9="",D9=0),"",N9/D9*1000) -> 111.24402 | Q9: 3369 | R9: =IF(OR(A9="",M9="",M9+N9=0),"",Q9/(M9+N9)) -> 1.8747913
A10: 46181 | B10: =IF(A10="","",IFERROR(INT((A10-C3)/7)+I4,"")) -> 44 | C10: 10143 | D10: 836 | E10: 1 | G10: =IF(A10="","",IFERROR(SUM(E$7:E10)/C4*100,"")) -> 0.048243921 | H10: 7239 | I10: 7117 | J10: =IF(OR(A10="",H10="",H10=0),"",I10/H10*100) -> 98.314684 | K10: =IF(OR(A10="",C10="",C10=0),"",H10/C10*100) -> 71.369417 | L10: 64.2 | M10: 1704 | N10: 93 | O10: =IF(OR(A10="",C10="",C10=0),"",M10/C10*1000) -> 167.99763 | P10: =IF(OR(A10="",D10="",D10=0),"",N10/D10*1000) -> 111.24402 | Q10: 3594 | R10: =IF(OR(A10="",M10="",M10+N10=0),"",Q10/(M10+N10)) -> 2
A11: 46182 | B11: =IF(A11="","",IFERROR(INT((A11-C3)/7)+I4,"")) -> 44 | C11: 10142 | D11: 836 | E11: 1 | G11: =IF(A11="","",IFERROR(SUM(E$7:E11)/C4*100,"")) -> 0.057892706 | H11: 7183 | I11: 7050 | J11: =IF(OR(A11="",H11="",H11=0),"",I11/H11*100) -> 98.148406 | K11: =IF(OR(A11="",C11="",C11=0),"",H11/C11*100) -> 70.824295 | L11: 64.3 | M11: 1704 | N11: 93 | O11: =IF(OR(A11="",C11="",C11=0),"",M11/C11*1000) -> 168.0142 | P11: =IF(OR(A11="",D11="",D11=0),"",N11/D11*1000) -> 111.24402 | Q11: 3614 | R11: =IF(OR(A11="",M11="",M11+N11=0),"",Q11/(M11+N11)) -> 2.0111297
A12: 46183 | B12: =IF(A12="","",IFERROR(INT((A12-C3)/7)+I4,"")) -> 44 | C12: 10140 | D12: 835 | E12: 2 | F12: 1 | G12: =IF(A12="","",IFERROR(SUM(E$7:E12)/C4*100,"")) -> 0.077190274 | H12: 7196 | I12: 7053 | J12: =IF(OR(A12="",H12="",H12=0),"",I12/H12*100) -> 98.012785 | K12: =IF(OR(A12="",C12="",C12=0),"",H12/C12*100) -> 70.966469 | L12: 64.4 | M12: 1704 | N12: 93 | O12: =IF(OR(A12="",C12="",C12=0),"",M12/C12*1000) -> 168.04734 | P12: =IF(OR(A12="",D12="",D12=0),"",N12/D12*1000) -> 111.37725 | Q12: 3497 | R12: =IF(OR(A12="",M12="",M12+N12=0),"",Q12/(M12+N12)) -> 1.9460211 | W12: Avihepasilimerin 2l (W CIĄGŁYM PICIU DAWKA NA 1000LITRÓW WODY)
A13: 46184 | B13: =IF(A13="","",IFERROR(INT((A13-C3)/7)+I4,"")) -> 44 | C13: 10139 | D13: 833 | E13: 1 | F13: 2 | G13: =IF(A13="","",IFERROR(SUM(E$7:E13)/C4*100,"")) -> 0.086839058 | H13: 7209 | I13: 7080 | J13: =IF(OR(A13="",H13="",H13=0),"",I13/H13*100) -> 98.21057 | K13: =IF(OR(A13="",C13="",C13=0),"",H13/C13*100) -> 71.101687 | L13: 64.4 | M13: 1704 | N13: 93 | O13: =IF(OR(A13="",C13="",C13=0),"",M13/C13*1000) -> 168.06391 | P13: =IF(OR(A13="",D13="",D13=0),"",N13/D13*1000) -> 111.64466 | Q13: 3268 | R13: =IF(OR(A13="",M13="",M13+N13=0),"",Q13/(M13+N13)) -> 1.8185865 | U13: 4001 | V13: 4697 | W13: Avihepasilimerin 2l (W CIĄGŁYM PICIU DAWKA NA 1000LITRÓW WODY)
A14: 46185 | B14: =IF(A14="","",IFERROR(INT((A14-C3)/7)+I4,"")) -> 45 | C14: 10139 | D14: 832 | F14: 1 | G14: =IF(A14="","",IFERROR(SUM(E$7:E14)/C4*100,"")) -> 0.086839058 | H14: 7148 | I14: 7020 | J14: =IF(OR(A14="",H14="",H14=0),"",I14/H14*100) -> 98.209289 | K14: =IF(OR(A14="",C14="",C14=0),"",H14/C14*100) -> 70.500049 | L14: 64.4 | M14: 1784 | N14: 90 | O14: =IF(OR(A14="",C14="",C14=0),"",M14/C14*1000) -> 175.95424 | P14: =IF(OR(A14="",D14="",D14=0),"",N14/D14*1000) -> 108.17308 | Q14: 3493 | R14: =IF(OR(A14="",M14="",M14+N14=0),"",Q14/(M14+N14)) -> 1.8639274 | W14: Avihepasilimerin 2l (W CIĄGŁYM PICIU DAWKA NA 1000LITRÓW WODY)
A15: 46186 | B15: =IF(A15="","",IFERROR(INT((A15-C3)/7)+I4,"")) -> 45 | C15: 10138 | D15: 830 | E15: 1 | F15: 2 | G15: =IF(A15="","",IFERROR(SUM(E$7:E15)/C4*100,"")) -> 0.096487843 | H15: 7045 | I15: 6912 | J15: =IF(OR(A15="",H15="",H15=0),"",I15/H15*100) -> 98.112136 | K15: =IF(OR(A15="",C15="",C15=0),"",H15/C15*100) -> 69.491024 | L15: 64.7 | M15: 1703 | N15: 90 | O15: =IF(OR(A15="",C15="",C15=0),"",M15/C15*1000) -> 167.98185 | P15: =IF(OR(A15="",D15="",D15=0),"",N15/D15*1000) -> 108.43373 | Q15: 3408 | R15: =IF(OR(A15="",M15="",M15+N15=0),"",Q15/(M15+N15)) -> 1.900725 | W15: Avihepasilimerin 2l (W CIĄGŁYM PICIU DAWKA NA 1000LITRÓW WODY)
A16: 46187 | B16: =IF(A16="","",IFERROR(INT((A16-C3)/7)+I4,"")) -> 45 | C16: 10138 | D16: 830 | G16: =IF(A16="","",IFERROR(SUM(E$7:E16)/C4*100,"")) -> 0.096487843 | H16: 7226 | I16: 7092 | J16: =IF(OR(A16="",H16="",H16=0),"",I16/H16*100) -> 98.145585 | K16: =IF(OR(A16="",C16="",C16=0),"",H16/C16*100) -> 71.276386 | L16: 64.5 | M16: 1703 | N16: 90 | O16: =IF(OR(A16="",C16="",C16=0),"",M16/C16*1000) -> 167.98185 | P16: =IF(OR(A16="",D16="",D16=0),"",N16/D16*1000) -> 108.43373 | Q16: 3219 | R16: =IF(OR(A16="",M16="",M16+N16=0),"",Q16/(M16+N16)) -> 1.7953151 | W16: Avihepasilimerin 2l (W CIĄGŁYM PICIU DAWKA NA 1000LITRÓW WODY)
A17: 46188 | B17: =IF(A17="","",IFERROR(INT((A17-C3)/7)+I4,"")) -> 45 | C17: 10137 | D17: 829 | E17: 1 | F17: 1 | G17: =IF(A17="","",IFERROR(SUM(E$7:E17)/C4*100,"")) -> 0.10613663 | H17: 7116 | I17: 6961 | J17: =IF(OR(A17="",H17="",H17=0),"",I17/H17*100) -> 97.82181 | K17: =IF(OR(A17="",C17="",C17=0),"",H17/C17*100) -> 70.198284 | L17: 64.5 | M17: 1703 | N17: 90 | O17: =IF(OR(A17="",C17="",C17=0),"",M17/C17*1000) -> 167.99842 | P17: =IF(OR(A17="",D17="",D17=0),"",N17/D17*1000) -> 108.56454 | Q17: 3430 | R17: =IF(OR(A17="",M17="",M17+N17=0),"",Q17/(M17+N17)) -> 1.912995
A18: 46189 | B18: =IF(A18="","",IFERROR(INT((A18-C3)/7)+I4,"")) -> 45 | C18: 10137 | D18: 827 | F18: 2 | G18: =IF(A18="","",IFERROR(SUM(E$7:E18)/C4*100,"")) -> 0.10613663 | H18: 7222 | I18: 7082 | J18: =IF(OR(A18="",H18="",H18=0),"",I18/H18*100) -> 98.061479 | K18: =IF(OR(A18="",C18="",C18=0),"",H18/C18*100) -> 71.243958 | L18: 64.5 | M18: 1703 | N18: 90 | O18: =IF(OR(A18="",C18="",C18=0),"",M18/C18*1000) -> 167.99842 | P18: =IF(OR(A18="",D18="",D18=0),"",N18/D18*1000) -> 108.82709 | Q18: 3457 | R18: =IF(OR(A18="",M18="",M18+N18=0),"",Q18/(M18+N18)) -> 1.9280535
A19: 46190 | B19: =IF(A19="","",IFERROR(INT((A19-C3)/7)+I4,"")) -> 45 | C19: 10135 | D19: 826 | E19: 2 | F19: 1 | G19: =IF(A19="","",IFERROR(SUM(E$7:E19)/C4*100,"")) -> 0.1254342 | H19: 7279 | I19: 7105 | J19: =IF(OR(A19="",H19="",H19=0),"",I19/H19*100) -> 97.609562 | K19: =IF(OR(A19="",C19="",C19=0),"",H19/C19*100) -> 71.820424 | L19: 64.4 | M19: 1703 | N19: 90 | O19: =IF(OR(A19="",C19="",C19=0),"",M19/C19*1000) -> 168.03157 | P19: =IF(OR(A19="",D19="",D19=0),"",N19/D19*1000) -> 108.95884 | Q19: 3492 | R19: =IF(OR(A19="",M19="",M19+N19=0),"",Q19/(M19+N19)) -> 1.9475739
A20: 46191 | B20: =IF(A20="","",IFERROR(INT((A20-C3)/7)+I4,"")) -> 45 | C20: 10133 | D20: 826 | E20: 2 | G20: =IF(A20="","",IFERROR(SUM(E$7:E20)/C4*100,"")) -> 0.14473176 | H20: 7202 | I20: 7037 | J20: =IF(OR(A20="",H20="",H20=0),"",I20/H20*100) -> 97.70897 | K20: =IF(OR(A20="",C20="",C20=0),"",H20/C20*100) -> 71.074706 | L20: 64.4 | M20: 1703 | N20: 90 | O20: =IF(OR(A20="",C20="",C20=0),"",M20/C20*1000) -> 168.06474 | P20: =IF(OR(A20="",D20="",D20=0),"",N20/D20*1000) -> 108.95884 | Q20: 3425 | R20: =IF(OR(A20="",M20="",M20+N20=0),"",Q20/(M20+N20)) -> 1.9102064 | U20: 4037 | V20: 4502
A21: 46192 | B21: =IF(A21="","",IFERROR(INT((A21-C3)/7)+I4,"")) -> 46 | C21: 10132 | D21: 825 | E21: 1 | F21: 1 | G21: =IF(A21="","",IFERROR(SUM(E$7:E21)/C4*100,"")) -> 0.15438055 | H21: 7236 | I21: 7073 | J21: =IF(OR(A21="",H21="",H21=0),"",I21/H21*100) -> 97.747374 | K21: =IF(OR(A21="",C21="",C21=0),"",H21/C21*100) -> 71.417292 | L21: 64.6 | M21: 1702 | N21: 90 | O21: =IF(OR(A21="",C21="",C21=0),"",M21/C21*1000) -> 167.98263 | P21: =IF(OR(A21="",D21="",D21=0),"",N21/D21*1000) -> 109.09091 | Q21: 3513 | R21: =IF(OR(A21="",M21="",M21+N21=0),"",Q21/(M21+N21)) -> 1.9603795
A22: 46193 | B22: =IF(A22="","",IFERROR(INT((A22-C3)/7)+I4,"")) -> 46 | C22: 10132 | D22: 824 | F22: 1 | G22: =IF(A22="","",IFERROR(SUM(E$7:E22)/C4*100,"")) -> 0.15438055 | H22: 7097 | I22: 6928 | J22: =IF(OR(A22="",H22="",H22=0),"",I22/H22*100) -> 97.618712 | K22: =IF(OR(A22="",C22="",C22=0),"",H22/C22*100) -> 70.045401 | L22: 64.8 | M22: 1702 | N22: 90 | O22: =IF(OR(A22="",C22="",C22=0),"",M22/C22*1000) -> 167.98263 | P22: =IF(OR(A22="",D22="",D22=0),"",N22/D22*1000) -> 109.2233 | Q22: 3892 | R22: =IF(OR(A22="",M22="",M22+N22=0),"",Q22/(M22+N22)) -> 2.171875
A23: 46194 | B23: =IF(A23="","",IFERROR(INT((A23-C3)/7)+I4,"")) -> 46 | C23: 10132 | D23: 823 | F23: 1 | G23: =IF(A23="","",IFERROR(SUM(E$7:E23)/C4*100,"")) -> 0.15438055 | H23: 7137 | I23: 6991 | J23: =IF(OR(A23="",H23="",H23=0),"",I23/H23*100) -> 97.954323 | K23: =IF(OR(A23="",C23="",C23=0),"",H23/C23*100) -> 70.440189 | L23: 64.9 | M23: 1702 | N23: 90 | O23: =IF(OR(A23="",C23="",C23=0),"",M23/C23*1000) -> 167.98263 | P23: =IF(OR(A23="",D23="",D23=0),"",N23/D23*1000) -> 109.35601 | Q23: 3505 | R23: =IF(OR(A23="",M23="",M23+N23=0),"",Q23/(M23+N23)) -> 1.9559152
A24: 46195 | B24: =IF(A24="","",IFERROR(INT((A24-C3)/7)+I4,"")) -> 46 | C24: =C23-E24 -> 10131 | D24: =D23-F24 -> 823 | E24: 1 | G24: =IF(A24="","",IFERROR(SUM(E$7:E24)/C4*100,"")) -> 0.16402933 | H24: 7226 | I24: 7093 | J24: =IF(OR(A24="",H24="",H24=0),"",I24/H24*100) -> 98.159424 | K24: =IF(OR(A24="",C24="",C24=0),"",H24/C24*100) -> 71.325634 | L24: 64.8 | M24: 1702 | N24: 90 | O24: =IF(OR(A24="",C24="",C24=0),"",M24/C24*1000) -> 167.99921 | P24: =IF(OR(A24="",D24="",D24=0),"",N24/D24*1000) -> 109.35601 | Q24: 3487 | R24: =IF(OR(A24="",M24="",M24+N24=0),"",Q24/(M24+N24)) -> 1.9458705
A25: 46196 | B25: =IF(A25="","",IFERROR(INT((A25-C3)/7)+I4,"")) -> 46 | C25: =C24-E25 -> 10131 | D25: =D24-F25 -> 823 | G25: =IF(A25="","",IFERROR(SUM(E$7:E25)/C4*100,"")) -> 0.16402933 | H25: 7068 | I25: 6896 | J25: =IF(OR(A25="",H25="",H25=0),"",I25/H25*100) -> 97.566497 | K25: =IF(OR(A25="",C25="",C25=0),"",H25/C25*100) -> 69.766065 | L25: 64.8 | M25: 1702 | N25: 90 | O25: =IF(OR(A25="",C25="",C25=0),"",M25/C25*1000) -> 167.99921 | P25: =IF(OR(A25="",D25="",D25=0),"",N25/D25*1000) -> 109.35601 | Q25: 3465 | R25: =IF(OR(A25="",M25="",M25+N25=0),"",Q25/(M25+N25)) -> 1.9335938
A26: 46197 | B26: =IF(A26="","",IFERROR(INT((A26-C3)/7)+I4,"")) -> 46 | C26: =C25-E26 -> 10130 | D26: =D25-F26 -> 823 | E26: 1 | G26: =IF(A26="","",IFERROR(SUM(E$7:E26)/C4*100,"")) -> 0.17367812 | H26: 6943 | I26: 6818 | J26: =IF(OR(A26="",H26="",H26=0),"",I26/H26*100) -> 98.199626 | K26: =IF(OR(A26="",C26="",C26=0),"",H26/C26*100) -> 68.538993 | L26: 64.9 | M26: 1702 | N26: 90 | O26: =IF(OR(A26="",C26="",C26=0),"",M26/C26*1000) -> 168.01579 | P26: =IF(OR(A26="",D26="",D26=0),"",N26/D26*1000) -> 109.35601 | Q26: 3726 | R26: =IF(OR(A26="",M26="",M26+N26=0),"",Q26/(M26+N26)) -> 2.0792411
A27: 46198 | B27: =IF(A27="","",IFERROR(INT((A27-C3)/7)+I4,"")) -> 46 | C27: =C26-E27 -> 10130 | D27: =D26-F27 -> 820 | F27: 3 | G27: =IF(A27="","",IFERROR(SUM(E$7:E27)/C4*100,"")) -> 0.17367812 | H27: 7211 | I27: 7053 | J27: =IF(OR(A27="",H27="",H27=0),"",I27/H27*100) -> 97.808903 | K27: =IF(OR(A27="",C27="",C27=0),"",H27/C27*100) -> 71.1846 | L27: 65.1 | M27: 1702 | N27: 90 | O27: =IF(OR(A27="",C27="",C27=0),"",M27/C27*1000) -> 168.01579 | P27: =IF(OR(A27="",D27="",D27=0),"",N27/D27*1000) -> 109.7561 | Q27: 3775 | R27: =IF(OR(A27="",M27="",M27+N27=0),"",Q27/(M27+N27)) -> 2.1065848 | U27: 4081 | V27: 4713
A28: 46199 | B28: =IF(A28="","",IFERROR(INT((A28-C3)/7)+I4,"")) -> 47 | C28: =C27-E28 -> 10129 | D28: =D27-F28 -> 820 | E28: 1 | G28: =IF(A28="","",IFERROR(SUM(E$7:E28)/C4*100,"")) -> 0.1833269 | H28: 7255 | I28: 7079 | J28: =IF(OR(A28="",H28="",H28=0),"",I28/H28*100) -> 97.574087 | K28: =IF(OR(A28="",C28="",C28=0),"",H28/C28*100) -> 71.626024 | L28: 65.2 | M28: 1701 | N28: 88 | O28: =IF(OR(A28="",C28="",C28=0),"",M28/C28*1000) -> 167.93366 | P28: =IF(OR(A28="",D28="",D28=0),"",N28/D28*1000) -> 107.31707 | Q28: 3770 | R28: =IF(OR(A28="",M28="",M28+N28=0),"",Q28/(M28+N28)) -> 2.1073225 | W28: Avizotonic 22 (20 l wody) + Raspiro 0,5l 2x przez 5 dni
A29: 46200 | B29: =IF(A29="","",IFERROR(INT((A29-C3)/7)+I4,"")) -> 47 | C29: =C28-E29 -> 10124 | D29: =D28-F29 -> 820 | E29: 5 | G29: =IF(A29="","",IFERROR(SUM(E$7:E29)/C4*100,"")) -> 0.23157082 | H29: 7234 | I29: 7069 | J29: =IF(OR(A29="",H29="",H29=0),"",I29/H29*100) -> 97.719104 | K29: =IF(OR(A29="",C29="",C29=0),"",H29/C29*100) -> 71.453971 | L29: 65.2 | M29: 1701 | N29: 88 | O29: =IF(OR(A29="",C29="",C29=0),"",M29/C29*1000) -> 168.01659 | P29: =IF(OR(A29="",D29="",D29=0),"",N29/D29*1000) -> 107.31707 | Q29: 3970 | R29: =IF(OR(A29="",M29="",M29+N29=0),"",Q29/(M29+N29)) -> 2.2191168 | W29: Avizotonic 22 (20 l wody) + Raspiro 0,5l 2x przez 5 dni
A30: 46201 | B30: =IF(A30="","",IFERROR(INT((A30-C3)/7)+I4,"")) -> 47 | C30: =C29-E30 -> 10122 | D30: =D29-F30 -> 818 | E30: 2 | F30: 2 | G30: =IF(A30="","",IFERROR(SUM(E$7:E30)/C4*100,"")) -> 0.25086839 | H30: 7198 | I30: 7060 | J30: =IF(OR(A30="",H30="",H30=0),"",I30/H30*100) -> 98.082801 | K30: =IF(OR(A30="",C30="",C30=0),"",H30/C30*100) -> 71.112428 | L30: 65.2 | M30: 1701 | N30: 80 | O30: =IF(OR(A30="",C30="",C30=0),"",M30/C30*1000) -> 168.04979 | P30: =IF(OR(A30="",D30="",D30=0),"",N30/D30*1000) -> 97.799511 | Q30: 4035 | R30: =IF(OR(A30="",M30="",M30+N30=0),"",Q30/(M30+N30)) -> 2.2655811 | W30: Avizotonic 22 (20 l wody) + Raspiro 0,5l 2x przez 5 dni
A31: 46202 | B31: =IF(A31="","",IFERROR(INT((A31-C3)/7)+I4,"")) -> 47 | C31: =C30-E31 -> 10119 | D31: =D30-F31 -> 816 | E31: 3 | F31: 2 | G31: =IF(A31="","",IFERROR(SUM(E$7:E31)/C4*100,"")) -> 0.27981474 | H31: 6979 | I31: 6838 | J31: =IF(OR(A31="",H31="",H31=0),"",I31/H31*100) -> 97.979653 | K31: =IF(OR(A31="",C31="",C31=0),"",H31/C31*100) -> 68.969266 | L31: 65.2 | M31: 1700 | N31: 80 | O31: =IF(OR(A31="",C31="",C31=0),"",M31/C31*1000) -> 168.00079 | P31: =IF(OR(A31="",D31="",D31=0),"",N31/D31*1000) -> 98.039216 | Q31: 4254 | R31: =IF(OR(A31="",M31="",M31+N31=0),"",Q31/(M31+N31)) -> 2.3898876 | W31: Avizotonic 22 (20 l wody) + Raspiro 0,5l 2x przez 5 dni
A32: 46203 | B32: =IF(A32="","",IFERROR(INT((A32-C3)/7)+I4,"")) -> 47 | C32: =C31-E32 -> 10090 | D32: =D31-F32 -> 815 | E32: 29 | F32: 1 | G32: =IF(A32="","",IFERROR(SUM(E$7:E32)/C4*100,"")) -> 0.55962949 | H32: 6673 | I32: 6531 | J32: =IF(OR(A32="",H32="",H32=0),"",I32/H32*100) -> 97.872022 | K32: =IF(OR(A32="",C32="",C32=0),"",H32/C32*100) -> 66.134787 | L32: 65.2 | M32: 1695 | N32: 80 | O32: =IF(OR(A32="",C32="",C32=0),"",M32/C32*1000) -> 167.98811 | P32: =IF(OR(A32="",D32="",D32=0),"",N32/D32*1000) -> 98.159509 | Q32: 3343 | R32: =IF(OR(A32="",M32="",M32+N32=0),"",Q32/(M32+N32)) -> 1.8833803 | W32: Avizotonic 22 (20 l wody) + Raspiro 0,5l 2x przez 5 dni
A33: 46204 | B33: =IF(A33="","",IFERROR(INT((A33-C3)/7)+I4,"")) -> 47 | C33: =C32-E33 -> 10088 | D33: =D32-F33 -> 814 | E33: 2 | F33: 1 | G33: =IF(A33="","",IFERROR(SUM(E$7:E33)/C4*100,"")) -> 0.57892706 | H33: 6794 | I33: 6601 | J33: =IF(OR(A33="",H33="",H33=0),"",I33/H33*100) -> 97.159258 | K33: =IF(OR(A33="",C33="",C33=0),"",H33/C33*100) -> 67.347343 | L33: 65.2 | M33: 1695 | N33: 80 | O33: =IF(OR(A33="",C33="",C33=0),"",M33/C33*1000) -> 168.02141 | P33: =IF(OR(A33="",D33="",D33=0),"",N33/D33*1000) -> 98.280098 | Q33: 2838 | R33: =IF(OR(A33="",M33="",M33+N33=0),"",Q33/(M33+N33)) -> 1.5988732
A34: 46205 | B34: =IF(A34="","",IFERROR(INT((A34-C3)/7)+I4,"")) -> 47 | C34: =C33-E34 -> 10086 | D34: =D33-F34 -> 813 | E34: 2 | F34: 1 | G34: =IF(A34="","",IFERROR(SUM(E$7:E34)/C4*100,"")) -> 0.59822462 | H34: 6923 | I34: 6704 | J34: =IF(OR(A34="",H34="",H34=0),"",I34/H34*100) -> 96.836632 | K34: =IF(OR(A34="",C34="",C34=0),"",H34/C34*100) -> 68.639699 | L34: 68.6 | M34: 1695 | N34: 80 | O34: =IF(OR(A34="",C34="",C34=0),"",M34/C34*1000) -> 168.05473 | P34: =IF(OR(A34="",D34="",D34=0),"",N34/D34*1000) -> 98.400984 | Q34: 3586 | R34: =IF(OR(A34="",M34="",M34+N34=0),"",Q34/(M34+N34)) -> 2.0202817
A35: 46206 | B35: =IF(A35="","",IFERROR(INT((A35-C3)/7)+I4,"")) -> 48 | C35: =C34-E35 -> 10085 | D35: =D34-F35 -> 813 | E35: 1 | F35: 0 | G35: =IF(A35="","",IFERROR(SUM(E$7:E35)/C4*100,"")) -> 0.60787341 | H35: 7075 | I35: 6877 | J35: =IF(OR(A35="",H35="",H35=0),"",I35/H35*100) -> 97.201413 | K35: =IF(OR(A35="",C35="",C35=0),"",H35/C35*100) -> 70.153694 | L35: 70.1 | M35: 1694 | N35: 84 | O35: =IF(OR(A35="",C35="",C35=0),"",M35/C35*1000) -> 167.97224 | P35: =IF(OR(A35="",D35="",D35=0),"",N35/D35*1000) -> 103.32103 | Q35: 3224 | R35: =IF(OR(A35="",M35="",M35+N35=0),"",Q35/(M35+N35)) -> 1.8132733 | W35: Woxsol 2kg/50 l
A36: 46207 | B36: =IF(A36="","",IFERROR(INT((A36-C3)/7)+I4,"")) -> 48 | C36: =C35-E36 -> 10082 | D36: =D35-F36 -> 811 | E36: 3 | F36: 2 | G36: =IF(A36="","",IFERROR(SUM(E$7:E36)/C4*100,"")) -> 0.63681976 | H36: 7264 | I36: 7073 | J36: =IF(OR(A36="",H36="",H36=0),"",I36/H36*100) -> 97.370595 | K36: =IF(OR(A36="",C36="",C36=0),"",H36/C36*100) -> 72.049197 | L36: 72 | M36: 1694 | N36: 82 | O36: =IF(OR(A36="",C36="",C36=0),"",M36/C36*1000) -> 168.02222 | P36: =IF(OR(A36="",D36="",D36=0),"",N36/D36*1000) -> 101.10974 | Q36: 3066 | R36: =IF(OR(A36="",M36="",M36+N36=0),"",Q36/(M36+N36)) -> 1.7263514
A37: 46208 | B37: =IF(A37="","",IFERROR(INT((A37-C3)/7)+I4,"")) -> 48 | C37: =C36-E37 -> 10079 | D37: =D36-F37 -> 809 | E37: 3 | F37: 2 | G37: =IF(A37="","",IFERROR(SUM(E$7:E37)/C4*100,"")) -> 0.66576611 | H37: 6837 | I37: 6646 | J37: =IF(OR(A37="",H37="",H37=0),"",I37/H37*100) -> 97.206377 | K37: =IF(OR(A37="",C37="",C37=0),"",H37/C37*100) -> 67.834111 | L37: 67.8 | M37: 1694 | N37: 82 | O37: =IF(OR(A37="",C37="",C37=0),"",M37/C37*1000) -> 168.07223 | P37: =IF(OR(A37="",D37="",D37=0),"",N37/D37*1000) -> 101.3597 | Q37: 3245 | R37: =IF(OR(A37="",M37="",M37+N37=0),"",Q37/(M37+N37)) -> 1.8271396
A38: 46209 | B38: =IF(A38="","",IFERROR(INT((A38-C3)/7)+I4,"")) -> 48 | C38: =C37-E38 -> 10079 | D38: =D37-F38 -> 808 | E38: 0 | F38: 1 | G38: =IF(A38="","",IFERROR(SUM(E$7:E38)/C4*100,"")) -> 0.66576611 | H38: 6915 | I38: 6736 | J38: =IF(OR(A38="",H38="",H38=0),"",I38/H38*100) -> 97.411424 | K38: =IF(OR(A38="",C38="",C38=0),"",H38/C38*100) -> 68.607997 | L38: 68.6 | M38: 1694 | N38: 82 | O38: =IF(OR(A38="",C38="",C38=0),"",M38/C38*1000) -> 168.07223 | P38: =IF(OR(A38="",D38="",D38=0),"",N38/D38*1000) -> 101.48515 | Q38: 3073 | R38: =IF(OR(A38="",M38="",M38+N38=0),"",Q38/(M38+N38)) -> 1.7302928
A39: 46210 | B39: =IF(A39="","",IFERROR(INT((A39-C3)/7)+I4,"")) -> 48 | C39: =C38-E39 -> 10079 | D39: =D38-F39 -> 808 | E39: 0 | F39: 0 | G39: =IF(A39="","",IFERROR(SUM(E$7:E39)/C4*100,"")) -> 0.66576611 | H39: 6923 | I39: 6739 | J39: =IF(OR(A39="",H39="",H39=0),"",I39/H39*100) -> 97.342193 | K39: =IF(OR(A39="",C39="",C39=0),"",H39/C39*100) -> 68.68737 | L39: 68.6 | M39: 1694 | N39: 82 | O39: =IF(OR(A39="",C39="",C39=0),"",M39/C39*1000) -> 168.07223 | P39: =IF(OR(A39="",D39="",D39=0),"",N39/D39*1000) -> 101.48515 | Q39: 314 | R39: =IF(OR(A39="",M39="",M39+N39=0),"",Q39/(M39+N39)) -> 0.1768018
A40: 46211 | B40: =IF(A40="","",IFERROR(INT((A40-C3)/7)+I4,"")) -> 48 | C40: =C39-E40 -> 10076 | D40: =D39-F40 -> 807 | E40: 3 | F40: 1 | G40: =IF(A40="","",IFERROR(SUM(E$7:E40)/C4*100,"")) -> 0.69471247 | H40: 7026 | I40: 6828 | J40: =IF(OR(A40="",H40="",H40=0),"",I40/H40*100) -> 97.181896 | K40: =IF(OR(A40="",C40="",C40=0),"",H40/C40*100) -> 69.730052 | L40: 69.7 | M40: 1693 | N40: 82 | O40: =IF(OR(A40="",C40="",C40=0),"",M40/C40*1000) -> 168.02303 | P40: =IF(OR(A40="",D40="",D40=0),"",N40/D40*1000) -> 101.6109 | Q40: 2980 | R40: =IF(OR(A40="",M40="",M40+N40=0),"",Q40/(M40+N40)) -> 1.6788732
A41: 46212 | B41: =IF(A41="","",IFERROR(INT((A41-C3)/7)+I4,"")) -> 48 | C41: =C40-E41 -> 10074 | D41: =D40-F41 -> 807 | E41: 2 | F41: 0 | G41: =IF(A41="","",IFERROR(SUM(E$7:E41)/C4*100,"")) -> 0.71401003 | H41: 6848 | I41: 6700 | J41: =IF(OR(A41="",H41="",H41=0),"",I41/H41*100) -> 97.838785 | K41: =IF(OR(A41="",C41="",C41=0),"",H41/C41*100) -> 67.97697 | L41: 67.9 | M41: 1693 | N41: 82 | O41: =IF(OR(A41="",C41="",C41=0),"",M41/C41*1000) -> 168.05638 | P41: =IF(OR(A41="",D41="",D41=0),"",N41/D41*1000) -> 101.6109 | Q41: 3344 | R41: =IF(OR(A41="",M41="",M41+N41=0),"",Q41/(M41+N41)) -> 1.8839437
A42: 46213 | B42: =IF(A42="","",IFERROR(INT((A42-C3)/7)+I4,"")) -> 49 | C42: =C41-E42 -> 10072 | D42: =D41-F42 -> 806 | E42: 2 | F42: 1 | G42: =IF(A42="","",IFERROR(SUM(E$7:E42)/C4*100,"")) -> 0.7333076 | H42: 6820 | I42: 6623 | J42: =IF(OR(A42="",H42="",H42=0),"",I42/H42*100) -> 97.111437 | K42: =IF(OR(A42="",C42="",C42=0),"",H42/C42*100) -> 67.71247 | L42: 67.6 | M42: 1692 | N42: 82 | O42: =IF(OR(A42="",C42="",C42=0),"",M42/C42*1000) -> 167.99047 | P42: =IF(OR(A42="",D42="",D42=0),"",N42/D42*1000) -> 101.73697 | Q42: 3127 | R42: =IF(OR(A42="",M42="",M42+N42=0),"",Q42/(M42+N42)) -> 1.7626832 | U42: 4100 | V42: 4470
A43: 46214 | B43: =IF(A43="","",IFERROR(INT((A43-C3)/7)+I4,"")) -> 49 | C43: =C42-E43 -> 10070 | D43: =D42-F43 -> 804 | E43: 2 | F43: 2 | G43: =IF(A43="","",IFERROR(SUM(E$7:E43)/C4*100,"")) -> 0.75260517 | H43: 6915 | I43: 6733 | J43: =IF(OR(A43="",H43="",H43=0),"",I43/H43*100) -> 97.36804 | K43: =IF(OR(A43="",C43="",C43=0),"",H43/C43*100) -> 68.669315 | L43: 68.6 | M43: 1692 | N43: 82 | O43: =IF(OR(A43="",C43="",C43=0),"",M43/C43*1000) -> 168.02383 | P43: =IF(OR(A43="",D43="",D43=0),"",N43/D43*1000) -> 101.99005 | Q43: 3145 | R43: =IF(OR(A43="",M43="",M43+N43=0),"",Q43/(M43+N43)) -> 1.7728298
A44: 46215 | B44: =IF(A44="","",IFERROR(INT((A44-C3)/7)+I4,"")) -> 49 | C44: =C43-E44 -> 10069 | D44: =D43-F44 -> 804 | E44: 1 | F44: 0 | G44: =IF(A44="","",IFERROR(SUM(E$7:E44)/C4*100,"")) -> 0.76225396 | H44: 7028 | I44: 6868 | J44: =IF(OR(A44="",H44="",H44=0),"",I44/H44*100) -> 97.723392 | K44: =IF(OR(A44="",C44="",C44=0),"",H44/C44*100) -> 69.798391 | L44: 69.8 | M44: 1692 | N44: 82 | O44: =IF(OR(A44="",C44="",C44=0),"",M44/C44*1000) -> 168.04052 | P44: =IF(OR(A44="",D44="",D44=0),"",N44/D44*1000) -> 101.99005 | Q44: 3232 | R44: =IF(OR(A44="",M44="",M44+N44=0),"",Q44/(M44+N44)) -> 1.8218715
A45: 46216 | B45: =IF(A45="","",IFERROR(INT((A45-C3)/7)+I4,"")) -> 49 | C45: =C44-E45 -> 10068 | D45: =D44-F45 -> 804 | E45: 1 | F45: 0 | G45: =IF(A45="","",IFERROR(SUM(E$7:E45)/C4*100,"")) -> 0.77190274 | H45: 6939 | I45: 6794 | J45: =IF(OR(A45="",H45="",H45=0),"",I45/H45*100) -> 97.910362 | K45: =IF(OR(A45="",C45="",C45=0),"",H45/C45*100) -> 68.921335 | L45: 65.3 | M45: 1692 | N45: 82 | O45: =IF(OR(A45="",C45="",C45=0),"",M45/C45*1000) -> 168.05721 | P45: =IF(OR(A45="",D45="",D45=0),"",N45/D45*1000) -> 101.99005 | Q45: 3166 | R45: =IF(OR(A45="",M45="",M45+N45=0),"",Q45/(M45+N45)) -> 1.7846674
A46: 46216 | B46: =IF(A46="","",IFERROR(INT((A46-C3)/7)+I4,"")) -> 49 | C46: =C45-E46 -> 10067 | D46: =D45-F46 -> 804 | E46: 1 | F46: 0 | G46: =IF(A46="","",IFERROR(SUM(E$7:E46)/C4*100,"")) -> 0.78155152 | H46: 6950 | I46: 6787 | J46: =IF(OR(A46="",H46="",H46=0),"",I46/H46*100) -> 97.654676 | K46: =IF(OR(A46="",C46="",C46=0),"",H46/C46*100) -> 69.037449 | L46: 65.3 | M46: 1692 | N46: 82 | O46: =IF(OR(A46="",C46="",C46=0),"",M46/C46*1000) -> 168.0739 | P46: =IF(OR(A46="",D46="",D46=0),"",N46/D46*1000) -> 101.99005 | Q46: 3211 | R46: =IF(OR(A46="",M46="",M46+N46=0),"",Q46/(M46+N46)) -> 1.8100338
A47: 46217 | B47: =IF(A47="","",IFERROR(INT((A47-C3)/7)+I4,"")) -> 49 | C47: =C46-E47 -> 10066 | D47: =D46-F47 -> 802 | E47: 1 | F47: 2 | G47: =IF(A47="","",IFERROR(SUM(E$7:E47)/C4*100,"")) -> 0.79120031 | H47: 6923 | I47: 6754 | J47: =IF(OR(A47="",H47="",H47=0),"",I47/H47*100) -> 97.558862 | K47: =IF(OR(A47="",C47="",C47=0),"",H47/C47*100) -> 68.776078 | L47: 65.3 | M47: 1692 | N47: 82 | O47: =IF(OR(A47="",C47="",C47=0),"",M47/C47*1000) -> 168.0906 | P47: =IF(OR(A47="",D47="",D47=0),"",N47/D47*1000) -> 102.24439 | Q47: 3322 | R47: =IF(OR(A47="",M47="",M47+N47=0),"",Q47/(M47+N47)) -> 1.8726043
A48: 46218 | B48: =IF(A48="","",IFERROR(INT((A48-C3)/7)+I4,"")) -> 49 | C48: =C47-E48 -> 10065 | D48: =D47-F48 -> 802 | E48: 1 | F48: 0 | G48: =IF(A48="","",IFERROR(SUM(E$7:E48)/C4*100,"")) -> 0.80084909 | H48: 6872 | I48: 6713 | J48: =IF(OR(A48="",H48="",H48=0),"",I48/H48*100) -> 97.686263 | K48: =IF(OR(A48="",C48="",C48=0),"",H48/C48*100) -> 68.276205 | L48: 65.3 | M48: 1692 | N48: 82 | O48: =IF(OR(A48="",C48="",C48=0),"",M48/C48*1000) -> 168.1073 | P48: =IF(OR(A48="",D48="",D48=0),"",N48/D48*1000) -> 102.24439 | Q48: 3328 | R48: =IF(OR(A48="",M48="",M48+N48=0),"",Q48/(M48+N48)) -> 1.8759865
A49: 46219 | B49: =IF(A49="","",IFERROR(INT((A49-C3)/7)+I4,"")) -> 49 | C49: =C48-E49 -> 10063 | D49: =D48-F49 -> 802 | E49: 2 | F49: 0 | G49: =IF(A49="","",IFERROR(SUM(E$7:E49)/C4*100,"")) -> 0.82014666 | H49: 6770 | I49: 6602 | J49: =IF(OR(A49="",H49="",H49=0),"",I49/H49*100) -> 97.518464 | K49: =IF(OR(A49="",C49="",C49=0),"",H49/C49*100) -> 67.27616 | L49: 65.2 | M49: 1692 | N49: 82 | O49: =IF(OR(A49="",C49="",C49=0),"",M49/C49*1000) -> 168.14071 | P49: =IF(OR(A49="",D49="",D49=0),"",N49/D49*1000) -> 102.24439 | Q49: 3690 | R49: =IF(OR(A49="",M49="",M49+N49=0),"",Q49/(M49+N49)) -> 2.0800451
A50: 46220 | B50: =IF(A50="","",IFERROR(INT((A50-C3)/7)+I4,"")) -> 50 | C50: =C49-E50 -> 10063 | D50: =D49-F50 -> 801 | E50: 0 | F50: 1 | G50: =IF(A50="","",IFERROR(SUM(E$7:E50)/C4*100,"")) -> 0.82014666 | H50: 6794 | I50: 6586 | J50: =IF(OR(A50="",H50="",H50=0),"",I50/H50*100) -> 96.938475 | K50: =IF(OR(A50="",C50="",C50=0),"",H50/C50*100) -> 67.514658 | L50: 65.2 | M50: 1692 | N50: 82 | O50: =IF(OR(A50="",C50="",C50=0),"",M50/C50*1000) -> 168.14071 | P50: =IF(OR(A50="",D50="",D50=0),"",N50/D50*1000) -> 102.37203 | Q50: 3236 | R50: =IF(OR(A50="",M50="",M50+N50=0),"",Q50/(M50+N50)) -> 1.8241263 | U50: 4052
A51: 46221 | B51: =IF(A51="","",IFERROR(INT((A51-C3)/7)+I4,"")) -> 50 | C51: =C50-E51 -> 10062 | D51: =D50-F51 -> 800 | E51: 1 | F51: 1 | G51: =IF(A51="","",IFERROR(SUM(E$7:E51)/C4*100,"")) -> 0.82979545 | H51: 6756 | I51: 6572 | J51: =IF(OR(A51="",H51="",H51=0),"",I51/H51*100) -> 97.276495 | K51: =IF(OR(A51="",C51="",C51=0),"",H51/C51*100) -> 67.143709 | L51: 65.1 | M51: 1692 | N51: 82 | O51: =IF(OR(A51="",C51="",C51=0),"",M51/C51*1000) -> 168.15742 | P51: =IF(OR(A51="",D51="",D51=0),"",N51/D51*1000) -> 102.5 | Q51: 3431 | R51: =IF(OR(A51="",M51="",M51+N51=0),"",Q51/(M51+N51)) -> 1.9340474
